sport_type,day_of_week,start_hour,price,month,is_weekend,previous_booking_count,field_capacity,demand_level
tennis,4,20,490000,6,0,14,6,MEDIUM
bóng đá,5,15,810000,11,1,22,14,HIGH
bóng đá,0,7,750000,7,0,16,16,HIGH
pickleball,2,10,210000,9,0,8,6,LOW
cầu lông,2,18,220000,3,0,12,2,MEDIUM
tennis,2,13,420000,11,0,3,4,LOW
tennis,1,16,420000,10,0,5,4,LOW
bóng rổ,4,7,390000,10,0,6,12,LOW
bóng rổ,3,18,400000,10,0,11,12,MEDIUM
tennis,0,9,350000,9,0,6,4,LOW
bóng đá,2,20,870000,12,0,18,14,HIGH
cầu lông,5,8,170000,9,1,17,4,HIGH
bóng rổ,3,20,480000,3,0,11,10,LOW
cầu lông,4,16,190000,10,0,7,2,LOW
pickleball,2,19,270000,6,0,8,4,LOW
cầu lông,6,14,150000,10,1,12,4,MEDIUM
pickleball,3,17,240000,2,0,8,4,MEDIUM
tennis,4,20,410000,4,0,8,2,MEDIUM
pickleball,3,13,310000,10,0,7,2,LOW
pickleball,6,17,300000,3,1,14,8,HIGH
bóng đá,5,11,580000,9,1,21,12,HIGH
bóng đá,5,20,840000,5,1,15,14,HIGH
cầu lông,3,6,210000,2,0,7,2,LOW
bóng đá,5,20,750000,6,1,18,12,HIGH
pickleball,3,20,220000,4,0,15,6,HIGH
bóng rổ,2,19,360000,3,0,12,16,MEDIUM
pickleball,1,10,200000,10,0,13,8,MEDIUM
bóng đá,0,13,560000,3,0,7,16,LOW
bóng đá,4,9,610000,1,0,13,18,MEDIUM
pickleball,3,9,260000,7,0,7,2,LOW
bóng đá,0,17,770000,5,0,20,14,HIGH
cầu lông,5,20,220000,4,1,15,4,HIGH
bóng đá,3,15,630000,6,0,9,16,LOW
bóng rổ,2,21,430000,3,0,18,12,HIGH
pickleball,3,19,240000,8,0,15,4,MEDIUM
tennis,5,9,430000,7,1,12,8,MEDIUM
pickleball,5,21,310000,2,1,20,8,HIGH
bóng đá,5,8,720000,9,1,15,14,HIGH
cầu lông,4,19,210000,7,0,17,2,HIGH
bóng đá,6,18,810000,9,1,17,12,HIGH
pickleball,5,11,220000,10,1,11,8,MEDIUM
cầu lông,1,19,190000,9,0,16,4,HIGH
tennis,5,8,380000,12,1,8,4,LOW
pickleball,3,8,220000,9,0,10,6,LOW
tennis,5,20,330000,3,1,15,2,MEDIUM
tennis,0,20,330000,12,0,3,4,LOW
tennis,3,20,440000,8,0,8,4,LOW
bóng đá,6,7,600000,1,1,20,14,HIGH
bóng đá,2,16,690000,12,0,15,14,MEDIUM
cầu lông,1,18,190000,6,0,9,4,MEDIUM
bóng đá,6,11,740000,2,1,12,14,MEDIUM
cầu lông,4,17,190000,11,0,11,4,MEDIUM
bóng đá,0,17,770000,7,0,19,14,HIGH
cầu lông,2,18,220000,3,0,11,4,MEDIUM
pickleball,5,17,320000,7,1,22,4,HIGH
bóng đá,3,7,560000,11,0,9,18,MEDIUM
tennis,6,19,360000,1,1,19,4,HIGH
cầu lông,4,21,220000,7,0,17,8,MEDIUM
cầu lông,6,6,160000,8,1,9,6,MEDIUM
pickleball,1,19,220000,12,0,13,4,MEDIUM
cầu lông,3,9,160000,6,0,8,8,LOW
bóng rổ,5,19,500000,5,1,8,14,MEDIUM
pickleball,2,19,320000,6,0,19,4,HIGH
cầu lông,4,17,240000,7,0,8,4,LOW
bóng đá,0,10,700000,5,0,11,14,MEDIUM
tennis,0,21,450000,7,0,13,4,MEDIUM
tennis,1,19,440000,12,0,15,6,MEDIUM
bóng rổ,3,21,520000,6,0,11,16,MEDIUM
bóng đá,2,19,590000,1,0,15,14,MEDIUM
pickleball,3,7,200000,6,0,9,6,LOW
tennis,4,20,420000,10,0,3,4,LOW
cầu lông,6,6,210000,4,1,11,6,LOW
pickleball,3,20,250000,5,0,12,2,MEDIUM
bóng đá,1,14,830000,9,0,13,12,MEDIUM
cầu lông,3,17,240000,2,0,14,4,MEDIUM
cầu lông,3,10,220000,1,0,8,2,LOW
cầu lông,6,17,220000,11,1,19,2,HIGH
cầu lông,2,20,230000,3,0,10,2,LOW
cầu lông,6,21,250000,6,1,19,4,HIGH
bóng rổ,5,18,470000,4,1,24,10,HIGH
pickleball,5,7,250000,2,1,9,4,MEDIUM
bóng đá,3,15,570000,11,0,5,12,LOW
cầu lông,1,6,180000,5,0,3,2,LOW
tennis,2,11,360000,6,0,7,8,LOW
bóng đá,4,9,570000,1,0,17,16,MEDIUM
bóng rổ,0,17,360000,6,0,14,12,HIGH
bóng rổ,3,19,550000,2,0,16,12,HIGH
pickleball,3,19,280000,1,0,12,4,MEDIUM
cầu lông,4,8,160000,4,0,2,4,LOW
tennis,5,20,350000,10,1,15,4,MEDIUM
bóng đá,5,21,790000,7,1,26,14,HIGH
bóng rổ,1,18,490000,2,0,16,12,HIGH
pickleball,5,18,300000,4,1,17,4,HIGH
tennis,5,15,420000,9,1,7,8,LOW
pickleball,1,10,210000,3,0,16,4,MEDIUM
pickleball,5,18,260000,12,1,23,4,HIGH
bóng rổ,2,18,400000,5,0,20,12,HIGH
bóng đá,2,18,800000,4,0,12,12,MEDIUM
bóng đá,3,9,590000,3,0,11,12,LOW
pickleball,0,16,220000,3,0,10,4,LOW
bóng đá,5,18,670000,11,1,19,14,HIGH
bóng rổ,1,13,510000,7,0,9,14,LOW
cầu lông,0,11,180000,6,0,14,4,MEDIUM
pickleball,0,21,230000,2,0,9,4,MEDIUM
bóng đá,2,20,710000,2,0,13,18,MEDIUM
bóng đá,2,19,610000,11,0,19,18,HIGH
cầu lông,3,14,230000,1,0,8,4,LOW
cầu lông,1,9,220000,10,0,12,2,LOW
cầu lông,2,19,240000,11,0,15,6,HIGH
cầu lông,2,18,190000,11,0,13,4,MEDIUM
cầu lông,4,16,170000,5,0,5,6,LOW
pickleball,1,18,220000,10,0,8,4,MEDIUM
bóng rổ,6,10,550000,11,1,12,12,MEDIUM
bóng rổ,4,21,370000,1,0,11,12,MEDIUM
pickleball,6,16,240000,8,1,20,8,HIGH
bóng rổ,3,11,370000,10,0,14,12,MEDIUM
pickleball,3,6,240000,3,0,9,4,LOW
pickleball,4,9,290000,8,0,13,2,MEDIUM
bóng đá,4,9,670000,10,0,10,14,LOW
pickleball,4,17,320000,1,0,8,8,MEDIUM
cầu lông,1,7,150000,6,0,13,4,MEDIUM
bóng đá,3,16,720000,3,0,14,12,MEDIUM
bóng đá,0,20,830000,2,0,19,12,HIGH
tennis,0,19,390000,8,0,12,4,LOW
bóng đá,4,19,620000,3,0,10,12,MEDIUM
cầu lông,1,9,210000,9,0,12,8,MEDIUM
bóng đá,3,18,700000,1,0,15,14,MEDIUM
bóng rổ,5,11,470000,2,1,11,12,LOW
bóng đá,2,10,660000,1,0,8,16,LOW
bóng đá,3,17,630000,5,0,12,14,MEDIUM
bóng đá,0,9,520000,6,0,10,14,MEDIUM
bóng rổ,2,20,380000,6,0,20,12,HIGH
bóng rổ,2,20,430000,2,0,4,12,LOW
tennis,6,21,500000,12,1,14,4,MEDIUM
cầu lông,5,8,160000,8,1,11,6,MEDIUM
cầu lông,6,16,180000,9,1,18,4,HIGH
bóng rổ,2,18,430000,6,0,14,10,HIGH
bóng đá,2,15,750000,7,0,9,16,LOW
pickleball,6,17,330000,12,1,19,8,HIGH
bóng rổ,2,7,490000,12,0,7,10,LOW
pickleball,6,17,310000,5,1,14,2,HIGH
pickleball,3,20,310000,1,0,10,8,LOW
pickleball,3,17,260000,6,0,13,2,HIGH
pickleball,0,13,240000,1,0,9,4,LOW
bóng đá,3,9,810000,2,0,9,14,LOW
pickleball,2,18,260000,3,0,18,2,HIGH
bóng đá,1,21,790000,7,0,26,14,HIGH
bóng đá,2,19,830000,4,0,10,18,MEDIUM
cầu lông,0,17,160000,11,0,12,4,MEDIUM
bóng đá,6,21,910000,7,1,22,14,HIGH
pickleball,4,19,310000,2,0,14,4,MEDIUM
cầu lông,6,15,160000,6,1,11,4,MEDIUM
tennis,5,21,360000,6,1,16,8,HIGH
bóng đá,1,21,580000,5,0,7,14,MEDIUM
bóng rổ,2,17,530000,11,0,14,16,MEDIUM
pickleball,4,8,270000,2,0,11,4,LOW
pickleball,5,8,260000,3,1,12,8,LOW
cầu lông,3,15,150000,7,0,8,4,LOW
bóng rổ,5,15,480000,10,1,12,12,MEDIUM
bóng rổ,2,15,460000,12,0,8,16,LOW
pickleball,5,8,220000,4,1,20,4,HIGH
pickleball,2,18,260000,9,0,9,6,MEDIUM
bóng đá,1,8,530000,4,0,11,14,MEDIUM
tennis,3,16,420000,2,0,6,6,LOW
bóng đá,2,16,580000,2,0,9,14,LOW
cầu lông,5,20,170000,8,1,21,4,HIGH
cầu lông,3,15,170000,6,0,14,8,MEDIUM
bóng đá,3,7,780000,3,0,18,14,MEDIUM
bóng đá,5,19,860000,3,1,13,14,MEDIUM
pickleball,1,15,280000,7,0,9,4,LOW
cầu lông,5,10,220000,11,1,9,6,LOW
tennis,0,9,410000,2,0,10,4,LOW
bóng đá,2,10,600000,6,0,8,14,LOW
tennis,5,11,470000,8,1,8,4,LOW
bóng đá,2,15,580000,11,0,13,14,MEDIUM
pickleball,6,7,270000,1,1,17,4,HIGH
bóng đá,0,21,840000,10,0,18,14,MEDIUM
pickleball,3,13,210000,2,0,11,6,LOW
pickleball,0,20,320000,9,0,15,4,MEDIUM
pickleball,0,19,300000,2,0,18,4,MEDIUM
bóng rổ,2,19,470000,8,0,15,12,HIGH
pickleball,0,15,210000,10,0,10,2,LOW
pickleball,3,18,260000,9,0,16,2,HIGH
bóng đá,3,19,600000,1,0,14,18,MEDIUM
pickleball,4,14,310000,12,0,4,2,LOW
pickleball,0,19,290000,9,0,15,4,MEDIUM
cầu lông,1,9,160000,6,0,10,4,LOW
bóng đá,4,13,710000,12,0,12,14,LOW
bóng đá,2,18,700000,9,0,17,12,MEDIUM
bóng đá,2,19,740000,4,0,12,14,MEDIUM
cầu lông,3,18,200000,6,0,20,4,HIGH
bóng đá,4,16,660000,5,0,18,14,HIGH
cầu lông,4,10,180000,3,0,1,4,LOW
bóng đá,5,9,740000,3,1,22,14,HIGH
bóng rổ,2,19,540000,5,0,13,12,MEDIUM
bóng đá,6,11,710000,5,1,23,14,HIGH
cầu lông,6,21,190000,6,1,21,4,HIGH
cầu lông,3,15,170000,7,0,10,4,LOW
bóng rổ,6,7,440000,4,1,7,14,MEDIUM
tennis,3,6,330000,8,0,9,8,MEDIUM
cầu lông,5,7,150000,3,1,10,4,MEDIUM
bóng rổ,3,19,460000,8,0,15,14,MEDIUM
bóng đá,1,10,560000,1,0,11,12,MEDIUM
bóng đá,5,6,680000,8,1,17,18,HIGH
bóng đá,4,8,610000,9,0,11,18,LOW
cầu lông,6,10,230000,12,1,15,4,MEDIUM
pickleball,5,18,300000,3,1,24,4,HIGH
bóng đá,6,14,780000,9,1,7,16,LOW
cầu lông,0,17,240000,11,0,17,4,MEDIUM
pickleball,4,9,240000,9,0,5,4,LOW
bóng đá,2,18,590000,1,0,14,14,HIGH
cầu lông,0,19,210000,4,0,11,4,MEDIUM
cầu lông,5,15,200000,5,1,20,4,HIGH
tennis,5,20,410000,7,1,30,4,HIGH
bóng đá,5,21,750000,5,1,25,12,HIGH
bóng đá,6,21,620000,3,1,15,12,HIGH
pickleball,5,21,320000,7,1,14,2,HIGH
pickleball,3,17,250000,11,0,11,4,MEDIUM
bóng rổ,3,18,430000,3,0,9,12,LOW
cầu lông,5,17,210000,2,1,14,8,HIGH
bóng đá,4,9,740000,9,0,12,16,MEDIUM
bóng đá,6,17,600000,2,1,14,14,HIGH
bóng đá,1,8,520000,1,0,9,14,LOW
cầu lông,1,14,190000,6,0,7,4,LOW
tennis,0,20,450000,10,0,15,6,MEDIUM
pickleball,5,21,300000,6,1,21,2,HIGH
tennis,5,18,380000,10,1,18,8,HIGH
cầu lông,2,15,170000,6,0,10,4,LOW
cầu lông,3,11,190000,10,0,11,4,LOW
bóng rổ,5,7,490000,3,1,11,14,LOW
pickleball,1,9,200000,11,0,11,4,LOW
cầu lông,6,16,230000,4,1,11,4,MEDIUM
tennis,4,7,340000,1,0,7,8,LOW
bóng đá,2,14,570000,11,0,9,12,LOW
bóng rổ,2,14,450000,5,0,13,10,MEDIUM
cầu lông,0,20,220000,1,0,15,6,MEDIUM
pickleball,0,17,230000,1,0,15,8,HIGH
bóng đá,2,20,650000,9,0,18,12,HIGH
tennis,4,13,280000,8,0,3,8,LOW
tennis,5,16,350000,3,1,10,4,MEDIUM
tennis,5,20,400000,6,1,4,6,LOW
pickleball,0,10,210000,4,0,11,4,MEDIUM
tennis,6,19,480000,4,1,7,2,LOW
bóng đá,0,10,770000,7,0,13,18,MEDIUM
cầu lông,6,9,190000,12,1,16,2,HIGH
bóng rổ,6,15,450000,10,1,10,12,MEDIUM
cầu lông,5,14,210000,4,1,13,8,LOW
bóng đá,5,7,790000,7,1,8,12,LOW
bóng đá,2,21,600000,8,0,13,14,HIGH
tennis,3,20,410000,9,0,14,6,MEDIUM
cầu lông,3,18,160000,12,0,14,4,MEDIUM
bóng đá,1,8,540000,11,0,8,18,LOW
tennis,0,18,460000,1,0,12,8,LOW
cầu lông,5,21,200000,12,1,17,6,HIGH
pickleball,3,10,260000,2,0,12,6,MEDIUM
cầu lông,0,18,170000,12,0,7,8,LOW
pickleball,2,17,310000,8,0,12,2,MEDIUM
cầu lông,5,9,230000,4,1,8,2,LOW
bóng đá,6,14,790000,2,1,18,16,MEDIUM
cầu lông,5,20,210000,3,1,21,2,HIGH
pickleball,4,7,190000,6,0,14,4,MEDIUM
cầu lông,6,16,160000,10,1,11,4,LOW
pickleball,2,10,260000,2,0,12,4,LOW
pickleball,4,19,270000,11,0,12,4,MEDIUM
cầu lông,3,11,160000,5,0,12,4,MEDIUM
bóng rổ,3,19,440000,8,0,13,14,MEDIUM
bóng đá,3,21,740000,8,0,19,12,HIGH
pickleball,4,20,210000,12,0,7,2,LOW
cầu lông,1,16,180000,2,0,10,8,LOW
tennis,4,9,440000,6,0,10,2,LOW
pickleball,2,21,270000,11,0,14,4,MEDIUM
bóng đá,2,16,680000,12,0,16,12,MEDIUM
cầu lông,4,19,220000,3,0,9,8,MEDIUM
bóng đá,4,19,830000,10,0,19,18,HIGH
cầu lông,1,19,190000,10,0,12,4,MEDIUM
bóng đá,3,15,670000,4,0,10,18,LOW
pickleball,4,17,260000,1,0,13,4,MEDIUM
bóng rổ,2,16,380000,3,0,10,12,LOW
pickleball,2,20,210000,5,0,10,8,MEDIUM
bóng rổ,2,15,360000,9,0,9,12,LOW
bóng đá,2,21,670000,7,0,16,16,HIGH
tennis,2,9,330000,11,0,2,6,LOW
cầu lông,3,16,210000,4,0,8,4,LOW
cầu lông,1,10,230000,12,0,13,2,MEDIUM
bóng rổ,0,21,520000,11,0,17,12,MEDIUM
cầu lông,2,9,220000,2,0,7,4,LOW
pickleball,4,19,250000,1,0,15,4,MEDIUM
pickleball,4,7,290000,1,0,7,4,LOW
bóng đá,3,17,700000,1,0,13,12,MEDIUM
bóng rổ,6,21,550000,8,1,16,10,MEDIUM
bóng đá,6,16,630000,6,1,17,14,HIGH
tennis,2,16,420000,5,0,4,4,LOW
cầu lông,1,19,240000,6,0,12,4,MEDIUM
tennis,4,15,350000,1,0,4,4,LOW
pickleball,1,18,240000,1,0,13,8,MEDIUM
bóng đá,0,17,670000,2,0,9,14,MEDIUM
bóng đá,2,21,610000,1,0,10,18,HIGH
bóng rổ,6,8,480000,7,1,23,16,HIGH
cầu lông,3,9,150000,12,0,11,6,MEDIUM
bóng đá,1,21,750000,4,0,17,16,HIGH
bóng rổ,3,18,480000,5,0,14,14,MEDIUM
cầu lông,6,8,240000,9,1,9,4,LOW
pickleball,6,13,300000,3,1,11,2,MEDIUM
bóng đá,6,9,650000,2,1,20,16,HIGH
bóng đá,2,20,640000,3,0,9,18,MEDIUM
bóng đá,3,9,550000,2,0,11,14,MEDIUM
cầu lông,2,18,230000,10,0,15,4,MEDIUM
bóng đá,4,7,690000,9,0,8,14,LOW
bóng rổ,4,19,480000,10,0,10,10,LOW
bóng đá,3,8,590000,11,0,15,18,MEDIUM
bóng đá,2,17,800000,10,0,9,14,MEDIUM
tennis,2,11,340000,6,0,8,6,LOW
bóng đá,5,18,610000,11,1,17,14,HIGH
pickleball,1,18,320000,2,0,15,6,MEDIUM
cầu lông,2,21,240000,9,0,12,6,MEDIUM
bóng đá,1,19,760000,10,0,16,14,HIGH
bóng đá,3,17,850000,4,0,14,14,MEDIUM
cầu lông,2,19,240000,8,0,13,4,MEDIUM
tennis,0,20,420000,11,0,9,6,MEDIUM
bóng đá,1,19,630000,3,0,18,14,HIGH
cầu lông,5,20,170000,12,1,27,4,HIGH
bóng đá,0,21,780000,2,0,18,14,MEDIUM
bóng rổ,3,21,510000,3,0,10,12,MEDIUM
bóng rổ,4,18,400000,2,0,9,10,MEDIUM
cầu lông,5,10,160000,6,1,9,4,LOW
cầu lông,4,8,160000,3,0,7,8,LOW
bóng đá,1,18,840000,10,0,18,14,HIGH
bóng rổ,1,8,520000,4,0,3,12,LOW
pickleball,0,9,290000,12,0,12,6,LOW
cầu lông,2,11,170000,8,0,6,8,LOW
bóng đá,1,18,740000,7,0,18,14,HIGH
pickleball,0,20,320000,7,0,21,6,HIGH
bóng đá,1,8,730000,1,0,6,18,LOW
bóng đá,5,14,800000,11,1,13,16,MEDIUM
tennis,1,19,430000,2,0,12,4,LOW
bóng đá,3,8,820000,2,0,7,14,LOW
cầu lông,5,20,210000,4,1,13,4,HIGH
pickleball,2,21,270000,4,0,14,4,MEDIUM
tennis,0,13,410000,2,0,2,4,LOW
cầu lông,0,9,140000,1,0,13,4,MEDIUM
bóng đá,1,18,590000,3,0,17,12,HIGH
tennis,3,16,330000,9,0,7,4,LOW
bóng đá,1,17,760000,1,0,23,14,HIGH
tennis,2,8,390000,11,0,4,2,LOW
cầu lông,0,17,180000,11,0,11,4,MEDIUM
cầu lông,2,13,150000,7,0,11,8,LOW
cầu lông,1,14,180000,6,0,12,2,MEDIUM
pickleball,6,17,330000,1,1,16,2,HIGH
pickleball,0,20,230000,4,0,19,4,HIGH
pickleball,4,11,300000,7,0,6,4,LOW
tennis,6,8,420000,12,1,12,8,MEDIUM
bóng đá,0,10,530000,6,0,13,14,MEDIUM
pickleball,3,18,270000,5,0,13,6,MEDIUM
pickleball,0,17,270000,6,0,11,6,MEDIUM
cầu lông,3,17,160000,1,0,10,8,MEDIUM
cầu lông,2,19,220000,1,0,11,6,MEDIUM
bóng đá,0,21,820000,1,0,22,14,HIGH
bóng đá,3,19,660000,5,0,20,14,HIGH
pickleball,5,16,270000,6,1,14,6,MEDIUM
pickleball,3,17,310000,3,0,12,8,LOW
tennis,1,18,400000,9,0,13,4,MEDIUM
pickleball,4,8,280000,7,0,13,4,MEDIUM
pickleball,6,17,280000,5,1,20,4,HIGH
bóng đá,5,18,790000,7,1,27,18,HIGH
cầu lông,5,17,200000,10,1,21,6,HIGH
bóng đá,3,19,560000,12,0,15,12,MEDIUM
bóng đá,4,19,610000,9,0,12,14,MEDIUM
cầu lông,2,10,200000,7,0,13,8,MEDIUM
tennis,4,20,360000,7,0,11,4,MEDIUM
cầu lông,5,14,170000,11,1,11,4,MEDIUM
bóng đá,0,19,860000,10,0,14,18,MEDIUM
cầu lông,5,13,220000,9,1,15,6,MEDIUM
bóng đá,3,20,600000,12,0,15,12,HIGH
pickleball,3,9,230000,10,0,10,2,LOW
bóng rổ,1,16,340000,4,0,11,12,LOW
tennis,5,11,430000,7,1,7,4,LOW
cầu lông,1,20,180000,3,0,10,4,MEDIUM
bóng đá,1,15,580000,7,0,17,12,HIGH
pickleball,1,11,280000,9,0,8,6,LOW
bóng rổ,6,7,440000,4,1,13,12,LOW
bóng đá,5,14,660000,2,1,23,16,HIGH
bóng đá,0,19,570000,10,0,14,14,MEDIUM
cầu lông,5,11,150000,11,1,13,2,MEDIUM
bóng rổ,1,19,570000,10,0,16,12,MEDIUM
pickleball,6,19,280000,10,1,16,6,HIGH
pickleball,5,21,310000,10,1,13,6,MEDIUM
pickleball,3,17,300000,7,0,11,6,MEDIUM
bóng đá,3,17,590000,1,0,13,18,MEDIUM
cầu lông,1,16,160000,10,0,7,6,LOW
cầu lông,0,18,200000,3,0,16,4,HIGH
bóng đá,5,21,760000,10,1,26,16,HIGH
bóng đá,6,18,600000,12,1,15,14,HIGH
bóng rổ,0,18,420000,8,0,16,10,MEDIUM
cầu lông,0,6,180000,7,0,9,4,LOW
bóng đá,1,20,730000,9,0,19,14,HIGH
cầu lông,0,14,210000,4,0,9,4,LOW
bóng rổ,6,18,530000,8,1,16,12,HIGH
cầu lông,1,14,200000,7,0,8,4,LOW
pickleball,3,17,260000,4,0,10,2,LOW
bóng đá,2,21,870000,10,0,14,12,MEDIUM
cầu lông,2,20,240000,9,0,15,4,MEDIUM
pickleball,0,11,200000,10,0,9,8,LOW
tennis,1,15,400000,7,0,12,6,LOW
pickleball,3,20,270000,3,0,10,4,MEDIUM
bóng đá,0,17,570000,11,0,17,14,HIGH
cầu lông,3,16,160000,4,0,4,4,LOW
bóng đá,5,20,900000,2,1,16,14,MEDIUM
bóng đá,6,21,720000,1,1,28,14,HIGH
bóng đá,0,11,670000,9,0,9,14,LOW
bóng đá,1,9,530000,8,0,12,18,MEDIUM
bóng đá,4,16,650000,2,0,12,12,LOW
cầu lông,4,10,150000,3,0,8,2,MEDIUM
cầu lông,0,18,180000,3,0,11,4,MEDIUM
cầu lông,3,9,180000,10,0,7,2,LOW
tennis,6,10,450000,3,1,14,4,MEDIUM
cầu lông,2,9,230000,7,0,13,6,MEDIUM
tennis,3,18,330000,12,0,7,2,LOW
tennis,5,9,380000,10,1,8,8,LOW
bóng đá,2,13,530000,9,0,11,16,MEDIUM
tennis,1,9,440000,7,0,9,8,LOW
tennis,0,20,460000,9,0,11,8,LOW
tennis,5,17,410000,4,1,18,4,HIGH
tennis,4,15,370000,11,0,11,2,LOW
tennis,5,17,330000,8,1,14,4,HIGH
cầu lông,0,11,180000,5,0,6,4,LOW
bóng đá,1,15,510000,7,0,14,18,MEDIUM
cầu lông,4,21,200000,6,0,11,4,MEDIUM
bóng rổ,4,19,460000,9,0,7,16,LOW
tennis,4,9,430000,2,0,4,8,LOW
bóng đá,1,9,770000,2,0,6,18,LOW
bóng rổ,0,19,460000,9,0,8,14,LOW
cầu lông,1,8,170000,1,0,7,4,LOW
bóng đá,3,18,640000,11,0,11,16,MEDIUM
tennis,6,7,460000,5,1,7,6,LOW
bóng rổ,4,19,510000,10,0,12,12,LOW
bóng đá,1,19,620000,12,0,14,14,HIGH
pickleball,4,7,240000,1,0,18,8,MEDIUM
tennis,5,14,310000,12,1,9,2,MEDIUM
tennis,2,16,300000,5,0,7,4,LOW
pickleball,3,17,300000,1,0,17,4,HIGH
bóng rổ,3,19,530000,12,0,17,16,HIGH
bóng đá,3,17,830000,10,0,8,14,MEDIUM
bóng đá,6,17,630000,1,1,23,16,HIGH
tennis,3,19,460000,5,0,16,8,MEDIUM
bóng đá,4,7,820000,8,0,17,14,MEDIUM
tennis,2,17,400000,9,0,13,4,MEDIUM
bóng đá,5,13,590000,6,1,10,18,MEDIUM
tennis,4,20,390000,9,0,9,4,LOW
pickleball,3,9,280000,4,0,10,6,MEDIUM
bóng đá,5,16,660000,8,1,16,14,HIGH
bóng đá,3,7,590000,5,0,15,18,MEDIUM
bóng đá,5,17,790000,4,1,16,12,HIGH
bóng rổ,1,9,450000,5,0,6,10,LOW
bóng đá,3,13,790000,4,0,3,14,LOW
bóng đá,6,15,550000,6,1,15,12,MEDIUM
bóng rổ,5,17,500000,11,1,14,12,MEDIUM
pickleball,5,15,220000,6,1,9,4,LOW
bóng đá,4,11,670000,2,0,12,18,LOW
cầu lông,6,19,190000,3,1,17,4,HIGH
tennis,6,13,380000,3,1,11,2,LOW
cầu lông,0,15,170000,2,0,8,4,LOW
tennis,3,8,370000,12,0,11,4,LOW
bóng đá,0,20,570000,8,0,11,14,MEDIUM
cầu lông,0,11,200000,2,0,6,4,LOW
tennis,6,19,360000,10,1,11,4,MEDIUM
bóng đá,4,17,610000,8,0,14,14,HIGH
pickleball,5,19,230000,3,1,9,6,MEDIUM
pickleball,4,18,320000,9,0,16,8,MEDIUM
pickleball,5,16,220000,3,1,15,2,MEDIUM
bóng đá,6,15,820000,11,1,17,14,MEDIUM
bóng đá,0,20,710000,12,0,13,16,MEDIUM
bóng đá,2,16,810000,6,0,12,14,MEDIUM
pickleball,3,18,230000,2,0,18,4,HIGH
cầu lông,1,11,140000,8,0,6,4,LOW
bóng đá,2,21,660000,4,0,22,18,HIGH
tennis,3,8,390000,6,0,9,2,LOW
pickleball,6,20,260000,5,1,14,8,HIGH
bóng rổ,0,8,490000,9,0,4,10,LOW
pickleball,2,13,270000,5,0,10,2,LOW
tennis,3,15,330000,10,0,9,8,LOW
cầu lông,3,14,180000,3,0,9,4,LOW
bóng rổ,3,14,360000,10,0,11,10,LOW
bóng đá,0,19,570000,3,0,13,14,MEDIUM
pickleball,3,10,220000,12,0,13,2,MEDIUM
bóng rổ,5,18,380000,3,1,17,10,HIGH
bóng đá,3,8,610000,6,0,10,14,MEDIUM
pickleball,1,21,300000,8,0,19,4,HIGH
cầu lông,0,11,180000,10,0,9,2,LOW
tennis,0,17,400000,5,0,11,4,MEDIUM
pickleball,4,6,250000,8,0,7,4,LOW
tennis,3,18,380000,4,0,12,8,MEDIUM
tennis,1,17,440000,10,0,8,8,LOW
pickleball,6,6,300000,1,1,8,4,LOW
cầu lông,2,13,150000,4,0,7,4,LOW
cầu lông,4,6,200000,8,0,9,4,LOW
tennis,3,17,430000,3,0,11,4,MEDIUM
cầu lông,4,17,230000,2,0,14,2,MEDIUM
tennis,5,21,410000,11,1,11,4,MEDIUM
tennis,1,10,400000,6,0,10,4,LOW
cầu lông,1,21,220000,1,0,11,4,MEDIUM
pickleball,0,15,290000,5,0,6,4,LOW
bóng đá,3,18,760000,8,0,14,14,MEDIUM
bóng đá,3,9,710000,8,0,11,14,LOW
bóng đá,1,21,750000,3,0,15,14,MEDIUM
bóng rổ,4,10,360000,9,0,9,10,LOW
bóng đá,3,15,710000,5,0,10,12,MEDIUM
bóng đá,1,20,710000,4,0,16,14,MEDIUM
pickleball,1,10,190000,2,0,7,8,LOW
tennis,3,17,390000,5,0,8,8,MEDIUM
bóng đá,2,19,700000,7,0,12,14,MEDIUM
bóng rổ,5,15,390000,9,1,8,16,LOW
bóng đá,5,16,840000,11,1,16,14,MEDIUM
pickleball,3,18,250000,8,0,15,6,MEDIUM
bóng đá,4,7,570000,11,0,12,18,MEDIUM
bóng đá,3,19,660000,11,0,12,14,MEDIUM
pickleball,2,19,270000,8,0,11,4,MEDIUM
pickleball,3,17,210000,4,0,14,4,MEDIUM
cầu lông,1,20,190000,6,0,14,2,MEDIUM
cầu lông,2,14,190000,4,0,8,4,LOW
pickleball,2,19,240000,1,0,13,4,MEDIUM
tennis,5,14,450000,5,1,12,8,MEDIUM
bóng đá,6,18,650000,9,1,23,12,HIGH
cầu lông,4,9,180000,11,0,10,4,LOW
bóng đá,3,10,580000,8,0,10,14,LOW
pickleball,6,7,310000,7,1,14,4,MEDIUM
pickleball,2,20,220000,10,0,11,4,MEDIUM
bóng đá,0,6,650000,1,0,10,12,LOW
pickleball,2,15,230000,7,0,12,2,MEDIUM
bóng đá,6,18,610000,4,1,20,16,HIGH
bóng đá,1,17,680000,8,0,17,12,HIGH
bóng rổ,2,20,490000,1,0,18,12,HIGH
bóng rổ,4,21,520000,2,0,11,16,MEDIUM
bóng đá,4,9,510000,3,0,11,18,MEDIUM
bóng đá,0,16,650000,9,0,16,12,MEDIUM
bóng đá,2,8,540000,4,0,6,14,LOW
cầu lông,0,6,180000,12,0,9,2,LOW
bóng đá,6,13,750000,4,1,11,12,MEDIUM
bóng đá,3,16,770000,9,0,4,16,LOW
pickleball,6,15,280000,8,1,12,4,MEDIUM
pickleball,4,7,200000,11,0,18,4,MEDIUM
bóng rổ,5,18,560000,4,1,13,12,MEDIUM
bóng rổ,4,11,460000,4,0,6,16,LOW
bóng đá,6,15,750000,4,1,11,16,MEDIUM
bóng đá,2,15,710000,1,0,10,18,LOW
bóng đá,2,9,760000,2,0,10,14,LOW
bóng đá,5,19,860000,5,1,22,14,HIGH
cầu lông,4,20,160000,1,0,14,6,HIGH
bóng rổ,5,20,520000,10,1,18,12,HIGH
pickleball,4,15,260000,8,0,9,2,LOW
pickleball,0,21,310000,6,0,13,8,MEDIUM
bóng đá,3,7,730000,12,0,12,14,MEDIUM
bóng đá,1,10,570000,8,0,14,16,MEDIUM
tennis,4,10,400000,2,0,9,2,LOW
bóng đá,0,9,620000,8,0,13,14,MEDIUM
bóng đá,3,11,570000,10,0,14,16,MEDIUM
bóng đá,5,9,700000,2,1,12,18,MEDIUM
bóng đá,6,18,710000,12,1,27,12,HIGH
cầu lông,3,8,180000,5,0,12,6,MEDIUM
bóng rổ,3,9,350000,9,0,7,14,LOW
tennis,5,9,340000,2,1,7,6,LOW
bóng rổ,4,6,400000,12,0,1,10,LOW
pickleball,6,15,280000,10,1,15,2,HIGH
cầu lông,3,11,200000,11,0,6,4,LOW
bóng đá,6,19,770000,6,1,21,14,HIGH
cầu lông,2,21,170000,2,0,9,4,LOW
bóng đá,3,18,870000,3,0,13,14,MEDIUM
cầu lông,3,17,220000,11,0,11,4,MEDIUM
cầu lông,2,21,210000,9,0,13,2,MEDIUM
bóng đá,0,18,650000,12,0,18,18,HIGH
bóng đá,0,20,780000,3,0,13,14,MEDIUM
pickleball,1,8,220000,5,0,7,4,LOW
bóng đá,4,9,550000,7,0,17,18,HIGH
bóng rổ,1,19,430000,11,0,15,16,HIGH
pickleball,5,13,250000,3,1,12,4,MEDIUM
bóng rổ,4,17,460000,1,0,11,16,MEDIUM
pickleball,3,17,280000,6,0,15,8,MEDIUM
tennis,4,18,420000,1,0,9,8,MEDIUM
pickleball,1,7,220000,12,0,8,4,LOW
bóng đá,6,8,620000,6,1,10,12,MEDIUM
bóng rổ,4,19,490000,3,0,15,12,MEDIUM
bóng rổ,5,16,420000,1,1,11,12,MEDIUM
pickleball,2,9,270000,10,0,5,6,LOW
pickleball,2,19,270000,8,0,13,4,MEDIUM
bóng rổ,6,15,380000,4,1,15,14,MEDIUM
cầu lông,5,7,230000,1,1,9,4,MEDIUM
cầu lông,3,19,240000,7,0,11,8,LOW
bóng đá,2,8,800000,10,0,11,14,MEDIUM
bóng rổ,5,17,560000,7,1,10,14,MEDIUM
bóng đá,6,19,880000,2,1,10,18,MEDIUM
bóng rổ,5,20,570000,12,1,13,12,MEDIUM
pickleball,5,21,330000,2,1,18,4,HIGH
bóng rổ,2,20,400000,11,0,14,14,MEDIUM
pickleball,0,7,200000,12,0,8,4,LOW
cầu lông,6,18,240000,12,1,14,4,MEDIUM
bóng đá,6,10,570000,7,1,16,14,HIGH
cầu lông,6,11,210000,2,1,11,8,MEDIUM
bóng đá,6,18,810000,10,1,19,14,HIGH
bóng rổ,2,17,510000,9,0,12,14,MEDIUM
bóng đá,2,17,820000,10,0,18,14,HIGH
cầu lông,2,18,170000,4,0,9,4,LOW
bóng đá,2,19,670000,7,0,18,14,HIGH
bóng đá,4,17,680000,11,0,15,18,MEDIUM
bóng đá,4,16,760000,7,0,9,16,LOW
bóng đá,6,7,710000,12,1,19,14,HIGH
bóng đá,3,7,730000,8,0,14,14,MEDIUM
tennis,2,10,370000,2,0,4,2,LOW
bóng đá,0,13,760000,9,0,9,16,LOW
bóng đá,6,9,850000,5,1,20,14,HIGH
cầu lông,3,6,150000,11,0,6,6,LOW
pickleball,5,18,330000,7,1,15,4,HIGH
cầu lông,3,11,190000,4,0,8,4,LOW
pickleball,1,7,220000,8,0,8,8,LOW
bóng đá,3,18,750000,5,0,21,16,HIGH
bóng đá,1,7,720000,6,0,14,14,MEDIUM
cầu lông,3,7,150000,6,0,6,8,LOW
tennis,3,19,450000,3,0,8,4,LOW
bóng đá,5,21,840000,7,1,32,14,HIGH
bóng rổ,2,17,500000,11,0,16,12,HIGH
bóng đá,2,21,780000,5,0,16,16,HIGH
bóng rổ,6,17,410000,2,1,19,12,HIGH
bóng đá,3,16,510000,1,0,14,14,MEDIUM
bóng đá,4,19,860000,12,0,11,12,MEDIUM
cầu lông,0,8,210000,6,0,8,6,LOW
cầu lông,6,8,190000,10,1,9,4,MEDIUM
pickleball,5,6,270000,3,1,3,4,LOW
bóng rổ,5,9,530000,11,1,10,12,LOW
bóng đá,0,9,510000,4,0,17,12,MEDIUM
cầu lông,1,14,150000,9,0,5,4,LOW
cầu lông,0,14,190000,3,0,7,2,LOW
bóng rổ,4,20,560000,9,0,16,12,HIGH
bóng đá,0,18,640000,5,0,9,14,MEDIUM
tennis,6,9,310000,6,1,15,4,MEDIUM
bóng rổ,1,7,390000,5,0,4,12,LOW
bóng đá,4,11,570000,4,0,19,14,MEDIUM
bóng đá,5,8,750000,2,1,16,14,HIGH
pickleball,5,19,250000,10,1,19,6,HIGH
bóng đá,3,7,620000,6,0,14,14,MEDIUM
bóng rổ,3,16,440000,8,0,12,12,MEDIUM
bóng rổ,4,19,490000,3,0,14,14,MEDIUM
bóng đá,4,16,660000,11,0,15,14,HIGH
cầu lông,2,17,220000,6,0,10,4,MEDIUM
bóng đá,2,7,700000,2,0,14,18,MEDIUM
bóng đá,4,18,700000,7,0,12,18,HIGH
bóng đá,1,8,650000,7,0,12,14,MEDIUM
pickleball,6,19,230000,6,1,14,4,HIGH
pickleball,2,18,300000,6,0,10,4,MEDIUM
bóng đá,1,21,830000,12,0,17,14,HIGH
cầu lông,1,20,200000,4,0,14,8,MEDIUM
pickleball,3,7,240000,2,0,6,2,LOW
bóng đá,1,19,800000,1,0,12,12,MEDIUM
tennis,4,15,420000,4,0,11,4,LOW
bóng đá,5,10,590000,6,1,15,18,MEDIUM
bóng đá,0,20,610000,9,0,13,14,HIGH
bóng đá,5,17,750000,2,1,19,16,HIGH
bóng đá,1,20,620000,5,0,10,18,HIGH
cầu lông,5,16,190000,1,1,21,4,HIGH
cầu lông,1,14,170000,6,0,17,4,MEDIUM
cầu lông,6,18,240000,7,1,17,4,HIGH
cầu lông,1,17,170000,3,0,15,4,MEDIUM
bóng đá,2,18,800000,10,0,20,14,HIGH
pickleball,3,8,250000,4,0,9,4,LOW
bóng đá,5,17,900000,2,1,14,12,MEDIUM
bóng rổ,0,6,470000,3,0,10,12,LOW
bóng đá,5,15,670000,4,1,14,12,MEDIUM
bóng đá,4,17,660000,11,0,14,18,HIGH
cầu lông,5,19,180000,9,1,20,8,HIGH
cầu lông,0,19,200000,9,0,10,4,MEDIUM
tennis,1,19,350000,9,0,10,4,MEDIUM
tennis,4,17,440000,4,0,14,4,LOW
cầu lông,6,21,170000,1,1,17,4,HIGH
cầu lông,3,14,200000,3,0,10,4,LOW
pickleball,5,16,270000,2,1,12,2,MEDIUM
cầu lông,1,20,240000,7,0,17,4,MEDIUM
bóng rổ,0,9,530000,10,0,7,14,LOW
bóng đá,6,14,860000,3,1,8,14,LOW
cầu lông,4,8,220000,7,0,12,4,MEDIUM
pickleball,6,9,220000,1,1,11,4,MEDIUM
cầu lông,6,8,210000,6,1,20,4,HIGH
cầu lông,4,20,210000,8,0,16,4,MEDIUM
bóng rổ,4,19,520000,3,0,16,12,MEDIUM
cầu lông,5,6,210000,4,1,12,4,LOW
pickleball,3,11,220000,10,0,4,4,LOW
tennis,0,20,310000,2,0,7,4,LOW
cầu lông,5,21,240000,2,1,10,2,MEDIUM
bóng đá,4,11,570000,10,0,12,14,MEDIUM
bóng đá,4,17,600000,8,0,20,18,HIGH
tennis,0,6,290000,5,0,5,8,LOW
bóng rổ,6,18,460000,7,1,16,16,HIGH
pickleball,3,15,250000,10,0,11,4,LOW
bóng đá,3,20,630000,5,0,17,14,HIGH
pickleball,5,17,230000,11,1,17,4,HIGH
cầu lông,6,14,210000,1,1,13,4,MEDIUM
bóng đá,2,16,700000,6,0,8,14,LOW
pickleball,1,18,300000,11,0,15,4,MEDIUM
bóng rổ,2,15,390000,6,0,5,10,LOW
tennis,5,20,500000,7,1,18,4,HIGH
bóng rổ,1,14,350000,10,0,3,12,LOW
cầu lông,0,18,230000,10,0,12,4,MEDIUM
cầu lông,6,7,210000,3,1,14,2,MEDIUM
pickleball,5,14,320000,4,1,13,4,MEDIUM
cầu lông,5,17,200000,5,1,15,2,HIGH
bóng đá,2,17,810000,7,0,16,14,MEDIUM
cầu lông,5,18,210000,4,1,17,4,HIGH
bóng rổ,5,15,430000,12,1,13,10,MEDIUM
tennis,5,21,360000,7,1,14,4,MEDIUM
bóng đá,2,10,550000,9,0,12,14,MEDIUM
bóng rổ,6,16,530000,12,1,12,14,MEDIUM
cầu lông,4,11,160000,7,0,12,4,MEDIUM
bóng đá,2,21,690000,12,0,14,14,MEDIUM
bóng đá,0,10,800000,3,0,6,14,LOW
cầu lông,3,14,140000,7,0,9,8,MEDIUM
bóng đá,2,18,860000,12,0,14,12,MEDIUM
cầu lông,4,18,180000,4,0,14,8,MEDIUM
bóng đá,0,20,730000,2,0,24,12,HIGH
cầu lông,0,19,210000,6,0,17,4,HIGH
bóng rổ,5,17,470000,2,1,18,12,HIGH
cầu lông,1,11,200000,3,0,12,8,MEDIUM
bóng rổ,3,19,510000,12,0,15,12,MEDIUM
bóng rổ,4,8,350000,12,0,10,16,LOW
bóng rổ,3,19,560000,10,0,10,12,MEDIUM
bóng đá,4,10,820000,10,0,14,12,MEDIUM
tennis,6,18,330000,12,1,15,4,HIGH
bóng đá,0,20,830000,4,0,15,18,MEDIUM
pickleball,5,19,280000,7,1,24,6,HIGH
cầu lông,5,7,150000,10,1,10,2,LOW
pickleball,3,16,210000,10,0,6,4,LOW
bóng đá,3,18,590000,2,0,17,14,MEDIUM
pickleball,1,14,260000,2,0,9,4,LOW
bóng đá,6,11,800000,1,1,7,18,LOW
cầu lông,5,18,210000,1,1,13,6,MEDIUM
cầu lông,5,21,220000,3,1,20,6,HIGH
bóng đá,5,14,810000,2,1,14,14,MEDIUM
bóng rổ,0,16,380000,4,0,3,14,LOW
bóng đá,4,18,610000,5,0,17,12,HIGH
bóng rổ,4,17,410000,9,0,11,12,MEDIUM
bóng đá,4,20,840000,4,0,13,18,MEDIUM
cầu lông,3,9,220000,8,0,10,4,MEDIUM
tennis,5,18,510000,5,1,15,6,HIGH
tennis,0,20,340000,9,0,18,8,MEDIUM
bóng rổ,4,21,400000,6,0,12,14,MEDIUM
bóng đá,1,17,680000,7,0,19,12,HIGH
pickleball,0,14,210000,12,0,7,8,LOW
cầu lông,3,17,240000,4,0,13,4,MEDIUM
tennis,0,15,390000,10,0,2,6,LOW
cầu lông,0,9,160000,1,0,11,2,LOW
bóng rổ,3,6,450000,9,0,6,10,LOW
cầu lông,3,16,180000,8,0,16,4,MEDIUM
bóng đá,6,19,770000,10,1,19,18,HIGH
cầu lông,2,20,240000,8,0,12,4,MEDIUM
tennis,0,15,450000,3,0,6,6,LOW
tennis,6,17,380000,2,1,10,2,MEDIUM
bóng rổ,5,18,520000,8,1,18,16,HIGH
cầu lông,2,16,160000,7,0,8,8,LOW
cầu lông,6,7,180000,9,1,18,4,HIGH
cầu lông,0,15,220000,4,0,11,4,LOW
cầu lông,0,16,180000,1,0,5,4,LOW
tennis,1,11,420000,2,0,7,4,LOW
bóng đá,6,17,640000,1,1,24,18,HIGH
pickleball,2,14,300000,6,0,9,4,LOW
tennis,0,8,320000,6,0,3,4,LOW
pickleball,6,15,230000,11,1,16,4,MEDIUM
cầu lông,2,21,170000,10,0,13,2,MEDIUM
tennis,5,17,360000,2,1,15,2,HIGH
bóng đá,6,10,780000,2,1,12,12,MEDIUM
pickleball,3,17,220000,2,0,15,8,MEDIUM
bóng đá,0,10,720000,6,0,8,14,LOW
cầu lông,4,16,220000,6,0,12,4,MEDIUM
bóng đá,6,19,860000,1,1,20,14,HIGH
cầu lông,2,17,190000,5,0,14,4,MEDIUM
pickleball,6,19,250000,1,1,14,4,HIGH
bóng đá,0,21,720000,1,0,19,14,HIGH
cầu lông,4,9,140000,7,0,15,6,MEDIUM
cầu lông,0,9,180000,6,0,7,6,LOW
pickleball,0,19,320000,8,0,9,4,MEDIUM
bóng rổ,1,17,370000,12,0,10,12,MEDIUM
pickleball,0,13,300000,7,0,7,6,LOW
cầu lông,4,20,170000,11,0,19,2,HIGH
pickleball,3,18,210000,12,0,7,2,LOW
pickleball,4,6,300000,1,0,11,8,LOW
bóng rổ,5,13,470000,12,1,14,16,MEDIUM
pickleball,0,17,250000,7,0,18,6,HIGH
tennis,6,15,310000,2,1,10,6,LOW
pickleball,6,19,320000,1,1,17,4,HIGH
bóng đá,4,21,570000,9,0,16,14,HIGH
cầu lông,4,18,190000,9,0,10,8,MEDIUM
pickleball,2,17,270000,11,0,17,4,MEDIUM
pickleball,6,21,310000,8,1,12,4,MEDIUM
cầu lông,2,9,200000,7,0,14,8,LOW
cầu lông,0,15,190000,1,0,8,8,LOW
cầu lông,3,9,190000,10,0,8,4,LOW
tennis,3,10,390000,6,0,6,4,LOW
cầu lông,1,11,200000,2,0,12,4,LOW
pickleball,3,11,300000,11,0,8,6,LOW
bóng rổ,1,19,380000,4,0,14,10,MEDIUM
pickleball,2,15,220000,9,0,12,4,MEDIUM
bóng đá,4,18,840000,10,0,18,14,HIGH
bóng đá,6,19,660000,3,1,16,16,HIGH
cầu lông,4,7,170000,4,0,11,8,LOW
pickleball,4,19,230000,3,0,9,2,LOW
bóng đá,6,18,830000,5,1,17,16,MEDIUM
cầu lông,6,11,160000,11,1,6,2,LOW
bóng đá,1,18,750000,6,0,17,14,HIGH
bóng đá,5,10,780000,10,1,11,16,MEDIUM
bóng đá,4,19,620000,11,0,15,14,HIGH
tennis,6,7,360000,1,1,9,6,MEDIUM
cầu lông,4,10,230000,10,0,9,4,LOW
cầu lông,4,21,230000,8,0,10,2,LOW
pickleball,3,15,240000,2,0,13,2,MEDIUM
tennis,5,17,440000,4,1,7,2,MEDIUM
bóng đá,2,18,780000,1,0,11,14,MEDIUM
bóng rổ,0,21,550000,4,0,11,16,LOW
pickleball,4,19,240000,1,0,16,2,HIGH
pickleball,4,11,260000,2,0,7,4,LOW
bóng đá,1,20,690000,3,0,21,16,HIGH
pickleball,2,19,320000,12,0,18,4,MEDIUM
bóng đá,0,9,820000,2,0,11,14,LOW
pickleball,6,6,260000,4,1,15,4,MEDIUM
bóng rổ,5,18,380000,4,1,17,16,HIGH
tennis,1,14,350000,9,0,6,8,LOW
bóng rổ,5,14,350000,1,1,12,12,LOW
cầu lông,0,8,200000,6,0,18,4,MEDIUM
bóng đá,6,19,630000,3,1,27,14,HIGH
bóng đá,1,15,650000,12,0,12,16,MEDIUM
bóng đá,6,21,780000,10,1,20,14,HIGH
pickleball,6,9,240000,12,1,12,6,MEDIUM
pickleball,0,20,260000,6,0,8,2,MEDIUM
bóng đá,5,19,600000,3,1,21,16,HIGH
bóng rổ,1,13,530000,5,0,12,12,LOW
cầu lông,5,18,250000,9,1,15,2,HIGH
bóng đá,5,17,680000,1,1,16,14,HIGH
cầu lông,5,17,240000,8,1,14,8,HIGH
cầu lông,0,20,180000,9,0,17,4,MEDIUM
cầu lông,3,10,220000,7,0,11,6,LOW
cầu lông,4,11,220000,4,0,11,4,LOW
cầu lông,5,10,150000,8,1,12,2,MEDIUM
bóng rổ,6,15,480000,11,1,10,12,LOW
cầu lông,0,18,160000,12,0,14,6,MEDIUM
cầu lông,5,13,230000,10,1,15,6,MEDIUM
bóng đá,5,9,610000,9,1,22,14,HIGH
bóng rổ,1,8,340000,11,0,10,16,LOW
bóng đá,3,9,760000,5,0,14,14,MEDIUM
bóng rổ,1,8,420000,7,0,13,12,MEDIUM
pickleball,5,16,260000,4,1,13,4,MEDIUM
cầu lông,0,14,140000,5,0,8,8,MEDIUM
tennis,1,10,340000,5,0,9,8,LOW
pickleball,1,13,270000,2,0,6,8,LOW
tennis,5,10,400000,6,1,12,4,MEDIUM
pickleball,1,15,260000,5,0,12,2,MEDIUM
cầu lông,3,17,160000,10,0,14,2,MEDIUM
pickleball,0,10,300000,9,0,10,6,LOW
tennis,3,8,380000,5,0,10,4,LOW
bóng đá,0,21,740000,5,0,17,14,HIGH
cầu lông,2,18,240000,6,0,14,8,MEDIUM
bóng đá,5,19,650000,9,1,26,14,HIGH
pickleball,4,18,240000,9,0,13,4,MEDIUM
pickleball,0,14,190000,12,0,11,8,LOW
bóng rổ,5,19,580000,10,1,14,12,MEDIUM
cầu lông,1,15,150000,1,0,7,4,LOW
bóng đá,3,21,740000,1,0,21,12,HIGH
bóng rổ,6,18,490000,5,1,16,16,HIGH
cầu lông,2,19,180000,6,0,13,4,MEDIUM
cầu lông,1,19,220000,1,0,17,4,MEDIUM
pickleball,5,19,330000,1,1,20,8,HIGH
bóng rổ,2,9,490000,8,0,3,12,LOW
bóng rổ,2,11,440000,9,0,11,10,LOW
cầu lông,0,15,220000,9,0,8,8,LOW
bóng đá,5,21,650000,2,1,12,14,MEDIUM
pickleball,0,17,300000,11,0,17,4,HIGH
bóng rổ,2,19,390000,8,0,15,12,MEDIUM
bóng đá,4,13,590000,11,0,9,18,LOW
cầu lông,4,16,190000,11,0,11,2,LOW
bóng đá,2,14,670000,7,0,8,18,LOW
cầu lông,4,20,220000,1,0,13,8,MEDIUM
cầu lông,4,17,240000,1,0,5,4,LOW
cầu lông,6,19,180000,3,1,13,4,HIGH
bóng đá,5,18,650000,8,1,20,12,HIGH
pickleball,1,10,190000,8,0,12,8,MEDIUM
cầu lông,2,17,210000,10,0,13,8,MEDIUM
cầu lông,4,15,170000,4,0,4,4,LOW
bóng rổ,2,16,430000,2,0,7,12,LOW
cầu lông,2,11,230000,4,0,9,4,LOW
tennis,1,18,330000,1,0,14,6,MEDIUM
tennis,2,11,430000,11,0,3,6,LOW
bóng đá,3,19,680000,9,0,15,12,HIGH
bóng đá,2,17,710000,4,0,11,12,MEDIUM
bóng đá,2,14,760000,8,0,14,12,MEDIUM
bóng đá,4,10,750000,1,0,11,16,MEDIUM
pickleball,3,8,270000,9,0,11,4,LOW
tennis,6,15,440000,7,1,12,6,MEDIUM
cầu lông,3,19,180000,10,0,8,6,MEDIUM
cầu lông,1,17,210000,3,0,7,8,LOW
tennis,2,17,480000,12,0,5,8,LOW
tennis,0,9,410000,9,0,7,2,LOW
bóng rổ,1,19,480000,6,0,11,12,LOW
cầu lông,4,9,210000,8,0,7,4,LOW
pickleball,6,17,310000,5,1,15,8,HIGH
pickleball,0,15,290000,5,0,11,4,MEDIUM
pickleball,6,21,230000,7,1,9,4,MEDIUM
cầu lông,2,18,220000,1,0,16,2,MEDIUM
bóng đá,1,19,750000,11,0,17,14,HIGH
pickleball,1,9,250000,5,0,6,4,LOW
pickleball,1,10,240000,12,0,7,4,LOW
cầu lông,1,6,140000,11,0,9,2,LOW
bóng đá,3,19,640000,4,0,18,14,HIGH
bóng đá,3,13,570000,3,0,9,14,LOW
cầu lông,6,10,190000,5,1,12,8,MEDIUM
cầu lông,1,18,180000,7,0,13,6,MEDIUM
pickleball,3,15,260000,11,0,8,6,LOW
bóng đá,3,19,560000,12,0,25,14,HIGH
bóng đá,3,7,740000,2,0,13,12,MEDIUM
bóng đá,1,17,780000,4,0,15,16,MEDIUM
bóng rổ,4,15,390000,5,0,11,12,MEDIUM
bóng đá,1,18,740000,12,0,17,14,MEDIUM
bóng rổ,4,13,420000,12,0,6,14,LOW
pickleball,2,21,210000,6,0,11,4,MEDIUM
bóng đá,0,18,690000,11,0,20,14,HIGH
pickleball,3,21,290000,4,0,19,4,HIGH
pickleball,3,8,200000,12,0,10,2,LOW
bóng rổ,0,7,500000,4,0,12,16,LOW
cầu lông,5,10,200000,3,1,13,6,MEDIUM
cầu lông,4,14,170000,3,0,8,8,LOW
bóng đá,0,11,640000,1,0,15,12,MEDIUM
cầu lông,2,10,180000,2,0,12,4,LOW
pickleball,5,16,300000,1,1,12,4,MEDIUM
bóng rổ,6,20,560000,8,1,22,12,HIGH
bóng rổ,6,18,470000,5,1,10,12,MEDIUM
bóng đá,2,16,550000,9,0,12,14,MEDIUM
bóng đá,3,7,650000,1,0,14,16,MEDIUM
bóng đá,0,14,660000,5,0,12,12,MEDIUM
cầu lông,0,20,200000,1,0,15,4,MEDIUM
bóng rổ,3,9,520000,2,0,4,16,LOW
cầu lông,6,7,190000,7,1,12,6,MEDIUM
tennis,0,19,430000,12,0,12,4,MEDIUM
cầu lông,3,16,220000,8,0,9,4,LOW
cầu lông,1,19,170000,3,0,20,4,HIGH
tennis,0,21,490000,11,0,14,8,LOW
cầu lông,0,7,170000,9,0,10,4,LOW
pickleball,4,16,230000,1,0,8,4,LOW
tennis,2,10,410000,10,0,8,4,LOW
pickleball,3,7,210000,4,0,11,8,LOW
bóng đá,4,17,690000,11,0,14,12,MEDIUM
bóng đá,6,15,800000,3,1,16,12,MEDIUM
bóng đá,5,6,840000,7,1,15,14,MEDIUM
bóng đá,2,11,810000,9,0,12,14,MEDIUM
cầu lông,6,8,160000,10,1,14,4,MEDIUM
cầu lông,4,7,190000,6,0,8,4,LOW
cầu lông,1,6,210000,1,0,10,4,LOW
pickleball,4,18,260000,1,0,7,4,LOW
cầu lông,0,11,160000,10,0,12,8,LOW
cầu lông,3,16,200000,6,0,9,8,LOW
pickleball,0,18,270000,10,0,15,4,MEDIUM
bóng rổ,3,8,330000,10,0,12,12,LOW
bóng đá,1,19,780000,8,0,11,14,MEDIUM
bóng đá,5,16,630000,10,1,17,14,HIGH
cầu lông,3,17,180000,3,0,20,4,HIGH
cầu lông,4,11,190000,9,0,8,4,LOW
pickleball,2,11,190000,1,0,8,6,LOW
pickleball,0,19,320000,9,0,11,4,LOW
pickleball,0,19,270000,8,0,11,2,MEDIUM
cầu lông,6,20,180000,6,1,18,8,HIGH
bóng đá,5,10,740000,12,1,17,14,HIGH
bóng rổ,1,9,360000,6,0,10,12,LOW
bóng rổ,5,17,490000,1,1,9,10,MEDIUM
bóng đá,0,18,860000,5,0,27,14,HIGH
pickleball,2,18,270000,3,0,22,2,HIGH
bóng rổ,4,17,380000,11,0,7,14,LOW
bóng đá,4,18,780000,5,0,16,14,HIGH
bóng rổ,0,17,380000,10,0,9,12,MEDIUM
bóng đá,0,15,690000,8,0,14,14,MEDIUM
bóng đá,1,18,830000,8,0,8,12,MEDIUM
pickleball,0,17,290000,4,0,16,4,MEDIUM
bóng rổ,0,16,530000,12,0,8,12,LOW
cầu lông,4,14,150000,12,0,6,2,LOW
bóng đá,4,21,790000,9,0,18,16,HIGH
cầu lông,1,18,210000,12,0,10,4,MEDIUM
bóng đá,0,9,790000,10,0,16,16,MEDIUM
cầu lông,0,10,210000,7,0,11,4,LOW
bóng đá,1,21,870000,11,0,21,16,HIGH
cầu lông,0,8,140000,5,0,8,4,LOW
bóng đá,5,16,560000,1,1,11,12,MEDIUM
cầu lông,5,15,160000,6,1,8,4,MEDIUM
bóng đá,0,8,770000,7,0,15,14,MEDIUM
pickleball,3,6,270000,10,0,4,8,LOW
cầu lông,6,19,220000,4,1,13,4,MEDIUM
bóng đá,1,21,750000,5,0,12,14,MEDIUM
bóng rổ,0,17,500000,4,0,11,12,MEDIUM
tennis,1,20,480000,8,0,15,8,MEDIUM
bóng đá,6,16,560000,11,1,18,14,HIGH
pickleball,3,19,270000,1,0,11,8,MEDIUM
tennis,1,15,370000,5,0,9,2,LOW
bóng đá,0,18,630000,7,0,12,16,MEDIUM
bóng đá,6,7,550000,4,1,10,12,MEDIUM
bóng đá,1,7,740000,5,0,13,14,MEDIUM
tennis,1,16,290000,3,0,6,2,LOW
cầu lông,0,19,200000,11,0,19,4,HIGH
pickleball,2,16,210000,6,0,10,4,MEDIUM
tennis,0,6,320000,11,0,7,4,LOW
cầu lông,3,7,200000,5,0,6,4,LOW
cầu lông,0,17,150000,2,0,5,4,LOW
pickleball,5,11,300000,5,1,10,4,LOW
bóng đá,1,10,620000,5,0,7,14,MEDIUM
tennis,1,7,410000,7,0,8,6,LOW
bóng đá,2,18,790000,3,0,15,12,MEDIUM
cầu lông,3,8,190000,11,0,9,8,LOW
bóng đá,0,21,820000,2,0,17,14,HIGH
bóng rổ,3,10,500000,5,0,11,12,LOW
bóng rổ,1,6,530000,7,0,11,12,LOW
cầu lông,0,9,150000,8,0,9,4,LOW
bóng đá,2,17,650000,12,0,14,14,MEDIUM
bóng đá,2,16,630000,5,0,10,14,MEDIUM
tennis,1,10,350000,9,0,2,4,LOW
cầu lông,6,17,250000,6,1,7,6,MEDIUM
bóng rổ,3,11,520000,10,0,6,12,LOW
bóng rổ,1,19,570000,7,0,16,12,HIGH
pickleball,6,17,280000,8,1,18,4,HIGH
cầu lông,4,18,160000,9,0,15,4,MEDIUM
cầu lông,5,9,220000,11,1,17,4,HIGH
pickleball,0,21,270000,2,0,10,4,MEDIUM
cầu lông,2,9,220000,10,0,11,6,LOW
bóng rổ,1,9,530000,10,0,6,10,LOW
pickleball,6,18,330000,10,1,14,4,MEDIUM
cầu lông,6,14,190000,6,1,17,4,HIGH
cầu lông,2,13,170000,6,0,4,4,LOW
bóng đá,0,20,830000,4,0,9,14,MEDIUM
bóng đá,2,18,560000,9,0,13,14,MEDIUM
bóng đá,5,20,750000,9,1,17,14,HIGH
bóng đá,1,14,760000,5,0,10,14,MEDIUM
bóng đá,2,15,820000,1,0,12,14,LOW
pickleball,6,9,310000,11,1,13,8,MEDIUM
bóng rổ,1,19,540000,5,0,10,10,MEDIUM
bóng đá,1,7,620000,1,0,6,14,LOW
pickleball,1,13,270000,9,0,3,2,LOW
tennis,5,19,450000,8,1,14,2,MEDIUM
bóng đá,3,14,730000,12,0,14,14,MEDIUM
bóng đá,0,19,790000,9,0,18,16,MEDIUM
tennis,5,7,440000,8,1,9,2,MEDIUM
bóng đá,6,11,660000,10,1,18,16,HIGH
bóng đá,2,14,520000,3,0,9,14,LOW
bóng đá,4,19,660000,12,0,13,12,MEDIUM
cầu lông,6,19,190000,10,1,27,8,HIGH
cầu lông,0,13,230000,6,0,10,4,LOW
cầu lông,4,10,200000,9,0,9,8,LOW
bóng rổ,6,11,460000,12,1,12,12,MEDIUM
cầu lông,6,18,210000,6,1,12,2,MEDIUM
pickleball,1,20,320000,9,0,11,4,MEDIUM
cầu lông,2,17,180000,11,0,10,4,MEDIUM
cầu lông,1,15,200000,11,0,7,4,LOW
bóng đá,5,15,720000,12,1,19,18,HIGH
pickleball,3,16,210000,4,0,12,8,MEDIUM
cầu lông,5,10,220000,1,1,9,8,LOW
bóng đá,6,6,550000,7,1,17,18,HIGH
cầu lông,5,18,230000,2,1,11,4,MEDIUM
bóng rổ,2,18,440000,7,0,12,12,MEDIUM
pickleball,6,17,240000,12,1,18,2,HIGH
bóng rổ,6,11,380000,8,1,12,14,MEDIUM
pickleball,3,8,260000,12,0,5,4,LOW
bóng đá,4,15,710000,10,0,12,14,MEDIUM
bóng đá,1,10,630000,7,0,11,18,MEDIUM
bóng rổ,6,7,360000,7,1,16,16,HIGH
pickleball,1,10,270000,4,0,8,6,LOW
pickleball,0,10,220000,5,0,10,4,MEDIUM
pickleball,4,7,200000,4,0,10,4,LOW
bóng rổ,6,16,540000,4,1,18,14,HIGH
tennis,6,19,360000,10,1,12,4,MEDIUM
tennis,3,17,450000,10,0,5,2,LOW
bóng đá,3,20,770000,2,0,11,14,MEDIUM
pickleball,2,19,320000,11,0,19,8,HIGH
cầu lông,4,7,160000,2,0,11,6,MEDIUM
bóng rổ,0,17,410000,5,0,13,12,MEDIUM
tennis,6,15,450000,7,1,5,8,LOW
cầu lông,1,10,160000,10,0,13,6,LOW
cầu lông,0,16,180000,5,0,12,4,MEDIUM
pickleball,1,19,250000,9,0,12,8,MEDIUM
tennis,6,10,400000,8,1,15,4,MEDIUM
cầu lông,1,21,190000,9,0,16,4,MEDIUM
cầu lông,6,10,180000,3,1,13,6,MEDIUM
bóng rổ,0,8,500000,8,0,15,12,MEDIUM
bóng đá,1,19,600000,11,0,15,16,MEDIUM
pickleball,1,10,210000,10,0,4,6,LOW
tennis,5,17,350000,6,1,15,8,HIGH
cầu lông,3,19,230000,10,0,13,6,MEDIUM
pickleball,3,7,200000,8,0,7,4,LOW
bóng rổ,2,20,390000,11,0,15,12,HIGH
bóng rổ,4,17,540000,7,0,15,16,MEDIUM
cầu lông,5,18,230000,3,1,13,2,MEDIUM
bóng đá,0,7,800000,6,0,13,14,MEDIUM
bóng đá,2,21,680000,9,0,12,18,MEDIUM
cầu lông,2,19,200000,8,0,17,8,MEDIUM
cầu lông,2,13,210000,2,0,11,2,LOW
bóng đá,4,19,660000,7,0,20,14,HIGH
bóng rổ,5,14,500000,2,1,16,12,HIGH
bóng rổ,3,11,450000,8,0,10,12,MEDIUM
cầu lông,1,20,210000,12,0,8,2,MEDIUM
bóng rổ,0,13,480000,1,0,7,12,LOW
bóng đá,4,21,700000,5,0,10,16,MEDIUM
tennis,1,18,320000,4,0,10,4,MEDIUM
bóng rổ,4,8,480000,4,0,9,12,LOW
cầu lông,0,15,160000,3,0,12,4,MEDIUM
bóng đá,1,21,820000,9,0,15,14,HIGH
bóng rổ,1,16,390000,1,0,11,12,MEDIUM
pickleball,0,18,300000,6,0,24,4,HIGH
bóng đá,0,15,530000,7,0,12,14,MEDIUM
bóng đá,5,20,810000,10,1,21,18,HIGH
pickleball,4,18,270000,10,0,17,4,MEDIUM
tennis,3,13,420000,5,0,10,4,LOW
pickleball,4,20,320000,2,0,13,4,MEDIUM
pickleball,4,16,200000,10,0,15,4,MEDIUM
bóng rổ,3,17,420000,5,0,12,12,MEDIUM
bóng đá,3,17,610000,7,0,14,16,MEDIUM
bóng đá,0,21,740000,4,0,16,12,HIGH
pickleball,0,14,290000,10,0,13,6,MEDIUM
pickleball,4,17,290000,3,0,12,4,MEDIUM
pickleball,4,19,210000,12,0,11,8,MEDIUM
pickleball,5,11,270000,3,1,12,4,MEDIUM
pickleball,2,19,300000,4,0,11,6,MEDIUM
cầu lông,6,9,190000,9,1,10,4,LOW
tennis,1,11,320000,3,0,5,2,LOW
cầu lông,2,15,210000,4,0,8,4,LOW
bóng rổ,4,18,540000,3,0,14,12,MEDIUM
bóng đá,4,15,790000,12,0,7,16,LOW
bóng rổ,6,20,480000,8,1,12,14,HIGH
cầu lông,3,8,230000,9,0,10,4,LOW
cầu lông,0,8,170000,3,0,11,4,LOW
bóng đá,5,8,760000,6,1,6,16,LOW
bóng đá,2,19,850000,3,0,11,14,MEDIUM
bóng đá,6,18,590000,10,1,23,14,HIGH
tennis,2,8,390000,10,0,10,4,LOW
cầu lông,6,17,200000,3,1,12,8,MEDIUM
bóng rổ,2,18,400000,8,0,14,12,HIGH
tennis,1,18,340000,3,0,7,2,LOW
bóng rổ,5,8,410000,10,1,12,12,MEDIUM
bóng đá,0,15,630000,5,0,12,18,MEDIUM
bóng đá,5,8,770000,6,1,12,14,HIGH
bóng đá,4,7,750000,4,0,12,18,LOW
bóng đá,0,8,770000,10,0,11,12,MEDIUM
cầu lông,3,17,180000,7,0,13,4,MEDIUM
cầu lông,5,10,170000,1,1,11,6,MEDIUM
cầu lông,3,7,230000,1,0,6,4,LOW
bóng đá,6,9,640000,5,1,10,16,MEDIUM
cầu lông,0,20,180000,9,0,19,2,HIGH
cầu lông,5,17,230000,2,1,16,6,MEDIUM
bóng rổ,6,21,440000,3,1,19,12,HIGH
bóng đá,1,15,560000,3,0,12,18,MEDIUM
cầu lông,0,18,180000,1,0,10,2,MEDIUM
pickleball,4,14,220000,2,0,9,4,LOW
bóng đá,3,9,730000,6,0,10,14,MEDIUM
tennis,1,15,310000,1,0,3,2,LOW
cầu lông,3,10,150000,6,0,12,8,LOW
bóng đá,5,20,680000,1,1,16,14,HIGH
cầu lông,4,14,220000,5,0,8,4,LOW
pickleball,1,9,210000,9,0,10,4,MEDIUM
bóng rổ,0,19,530000,2,0,15,16,MEDIUM
tennis,6,18,450000,2,1,8,4,LOW
bóng đá,5,9,710000,9,1,19,18,MEDIUM
bóng đá,2,20,650000,10,0,13,16,MEDIUM
bóng đá,0,11,780000,6,0,14,16,MEDIUM
cầu lông,2,19,180000,2,0,12,6,MEDIUM
cầu lông,6,19,190000,10,1,19,4,HIGH
bóng đá,1,6,550000,1,0,13,18,MEDIUM
cầu lông,4,20,160000,1,0,10,8,MEDIUM
bóng đá,6,18,910000,3,1,17,14,HIGH
cầu lông,3,16,160000,9,0,6,4,LOW
bóng rổ,1,11,330000,2,0,7,12,LOW
bóng đá,6,19,610000,3,1,20,16,HIGH
tennis,0,11,430000,2,0,6,4,LOW
bóng rổ,2,11,510000,8,0,10,12,LOW
cầu lông,3,9,160000,3,0,11,2,LOW
cầu lông,4,14,200000,12,0,9,6,LOW
bóng đá,6,16,820000,5,1,18,18,HIGH
pickleball,0,8,200000,8,0,11,4,MEDIUM
bóng đá,1,10,550000,7,0,8,18,MEDIUM
tennis,2,16,310000,7,0,9,4,LOW
cầu lông,1,18,190000,10,0,15,4,MEDIUM
bóng đá,4,14,640000,5,0,10,14,MEDIUM
bóng rổ,1,10,470000,7,0,13,12,MEDIUM
cầu lông,3,6,190000,5,0,12,6,MEDIUM
bóng đá,0,10,780000,9,0,8,18,LOW
pickleball,5,15,260000,4,1,15,6,HIGH
cầu lông,0,8,190000,7,0,9,4,LOW
cầu lông,6,13,190000,7,1,5,4,LOW
tennis,0,20,440000,3,0,14,2,MEDIUM
pickleball,4,15,210000,5,0,15,4,MEDIUM
tennis,0,8,310000,11,0,10,2,LOW
bóng rổ,6,6,460000,1,1,8,14,LOW
bóng rổ,3,6,530000,3,0,2,14,LOW
bóng rổ,0,18,400000,1,0,10,14,MEDIUM
bóng rổ,6,9,450000,8,1,14,10,MEDIUM
bóng đá,2,15,730000,6,0,14,16,MEDIUM
bóng rổ,0,10,490000,7,0,12,12,MEDIUM
bóng đá,4,9,550000,11,0,9,14,LOW
bóng rổ,0,11,360000,6,0,12,12,MEDIUM
bóng đá,0,20,630000,3,0,12,14,MEDIUM
bóng rổ,5,21,500000,7,1,20,14,HIGH
bóng đá,2,7,510000,11,0,13,14,MEDIUM
cầu lông,6,7,200000,10,1,13,4,MEDIUM
cầu lông,6,8,190000,10,1,15,8,MEDIUM
bóng rổ,3,7,420000,10,0,6,12,LOW
tennis,1,19,470000,3,0,9,4,LOW
pickleball,1,21,290000,4,0,12,8,MEDIUM
bóng đá,5,15,810000,12,1,18,14,HIGH
bóng rổ,4,18,550000,2,0,17,16,MEDIUM
tennis,6,16,310000,3,1,9,4,LOW
tennis,0,19,340000,2,0,7,2,LOW
bóng đá,5,19,700000,5,1,17,12,HIGH
bóng đá,4,14,530000,12,0,6,18,LOW
pickleball,3,10,300000,9,0,5,4,LOW
pickleball,4,20,300000,4,0,12,4,MEDIUM
pickleball,0,17,330000,5,0,13,4,MEDIUM
bóng đá,3,20,870000,3,0,18,14,HIGH
bóng đá,0,7,600000,7,0,13,14,MEDIUM
cầu lông,5,18,210000,1,1,16,4,HIGH
tennis,1,13,300000,2,0,8,2,LOW
bóng rổ,5,17,410000,5,1,19,12,HIGH
pickleball,0,14,270000,10,0,11,4,LOW
bóng đá,3,7,800000,5,0,7,14,LOW
bóng rổ,6,19,400000,11,1,17,16,HIGH
cầu lông,5,13,180000,3,1,10,4,LOW
pickleball,2,9,260000,6,0,9,4,MEDIUM
bóng rổ,0,8,460000,9,0,5,16,LOW
tennis,2,14,440000,9,0,8,2,LOW
bóng đá,3,19,720000,4,0,20,14,HIGH
tennis,5,18,400000,6,1,20,4,HIGH
cầu lông,5,10,230000,10,1,12,2,MEDIUM
tennis,5,20,500000,8,1,17,2,HIGH
bóng rổ,6,18,480000,3,1,8,14,MEDIUM
bóng rổ,6,20,580000,3,1,12,12,MEDIUM
cầu lông,0,14,150000,11,0,8,4,LOW
bóng đá,0,15,550000,7,0,9,12,MEDIUM
cầu lông,4,20,240000,10,0,16,4,MEDIUM
cầu lông,3,14,170000,1,0,7,4,LOW
tennis,2,17,310000,9,0,4,6,LOW
bóng rổ,3,20,550000,2,0,8,12,LOW
bóng rổ,4,21,410000,3,0,15,10,MEDIUM
pickleball,3,17,260000,5,0,17,4,HIGH
bóng đá,6,6,640000,10,1,17,16,HIGH
cầu lông,5,10,200000,8,1,15,4,MEDIUM
bóng đá,0,20,600000,2,0,11,14,MEDIUM
pickleball,5,17,330000,9,1,18,4,HIGH
bóng đá,4,10,810000,8,0,13,16,MEDIUM
tennis,2,18,490000,7,0,13,4,MEDIUM
bóng đá,3,9,650000,2,0,10,16,LOW
cầu lông,4,18,200000,1,0,13,8,MEDIUM
cầu lông,1,17,200000,11,0,13,4,MEDIUM
cầu lông,2,9,180000,11,0,8,4,LOW
cầu lông,5,18,170000,9,1,15,4,HIGH
cầu lông,6,9,230000,12,1,18,2,MEDIUM
cầu lông,5,10,170000,8,1,12,8,MEDIUM
bóng đá,6,9,620000,4,1,11,14,MEDIUM
bóng đá,5,6,560000,2,1,10,14,MEDIUM
bóng đá,6,15,720000,1,1,18,16,HIGH
bóng đá,1,19,730000,8,0,19,14,HIGH
bóng đá,5,10,730000,3,1,13,14,MEDIUM
tennis,2,15,400000,8,0,13,4,LOW
bóng đá,1,6,720000,12,0,9,14,LOW
pickleball,4,11,300000,6,0,14,8,MEDIUM
bóng đá,5,17,800000,10,1,17,12,HIGH
bóng đá,0,9,770000,6,0,14,18,MEDIUM
pickleball,3,18,230000,7,0,15,6,HIGH
tennis,4,19,320000,2,0,9,4,MEDIUM
bóng đá,5,11,610000,4,1,11,12,MEDIUM
bóng đá,4,18,870000,8,0,18,14,HIGH
bóng rổ,3,19,400000,10,0,13,10,MEDIUM
pickleball,5,6,300000,3,1,9,6,MEDIUM
cầu lông,4,10,190000,5,0,7,4,LOW
bóng rổ,6,10,460000,1,1,9,12,LOW
cầu lông,5,10,230000,6,1,12,2,MEDIUM
bóng rổ,0,18,480000,2,0,8,12,LOW
cầu lông,2,13,180000,7,0,11,8,MEDIUM
cầu lông,6,17,170000,8,1,25,4,HIGH
bóng đá,2,14,640000,7,0,10,14,LOW
pickleball,6,18,250000,6,1,24,6,HIGH
cầu lông,4,11,180000,2,0,7,8,LOW
tennis,0,20,420000,8,0,15,6,MEDIUM
cầu lông,5,15,170000,7,1,19,4,HIGH
bóng rổ,2,13,530000,11,0,9,12,LOW
tennis,5,21,380000,4,1,15,4,MEDIUM
tennis,4,19,330000,5,0,19,4,HIGH
tennis,4,16,340000,9,0,6,4,LOW
cầu lông,1,19,180000,2,0,7,2,LOW
tennis,3,10,360000,6,0,7,8,LOW
bóng đá,3,9,570000,12,0,13,14,MEDIUM
bóng đá,0,21,610000,7,0,14,14,MEDIUM
cầu lông,4,13,200000,9,0,13,4,LOW
pickleball,4,9,230000,1,0,9,4,MEDIUM
bóng đá,1,6,550000,2,0,21,14,HIGH
cầu lông,6,21,240000,12,1,10,4,MEDIUM
pickleball,4,21,310000,4,0,11,8,LOW
bóng rổ,1,8,390000,11,0,10,16,LOW
cầu lông,3,17,200000,10,0,12,4,MEDIUM
cầu lông,0,9,170000,4,0,5,4,LOW
cầu lông,4,8,160000,10,0,12,4,MEDIUM
bóng rổ,4,21,390000,4,0,14,12,MEDIUM
bóng đá,2,20,790000,12,0,24,12,HIGH
bóng đá,4,15,570000,11,0,9,14,LOW
bóng đá,4,18,600000,8,0,12,14,HIGH
bóng đá,2,11,830000,4,0,9,12,LOW
cầu lông,3,10,160000,12,0,8,8,LOW
bóng đá,6,19,880000,3,1,19,12,HIGH
bóng đá,0,20,610000,8,0,13,14,HIGH
bóng đá,1,19,820000,9,0,13,12,MEDIUM
bóng rổ,5,8,530000,4,1,13,12,MEDIUM
cầu lông,6,20,240000,6,1,16,4,HIGH
bóng đá,1,17,820000,8,0,13,14,HIGH
tennis,2,21,370000,6,0,14,6,MEDIUM
cầu lông,1,13,230000,4,0,10,4,LOW
bóng đá,0,17,710000,12,0,16,12,MEDIUM
pickleball,0,14,290000,4,0,11,8,LOW
bóng đá,2,20,690000,10,0,13,14,MEDIUM
pickleball,0,18,280000,2,0,13,4,MEDIUM
cầu lông,1,15,210000,9,0,6,2,LOW
bóng đá,1,18,860000,9,0,14,16,MEDIUM
bóng đá,0,15,770000,9,0,10,14,LOW
pickleball,1,19,290000,5,0,15,8,MEDIUM
cầu lông,5,17,200000,11,1,15,4,HIGH
bóng rổ,6,11,490000,12,1,8,12,LOW
bóng đá,3,16,540000,2,0,12,18,MEDIUM
cầu lông,0,11,140000,6,0,4,6,LOW
bóng rổ,4,21,490000,11,0,21,10,HIGH
pickleball,2,9,240000,1,0,6,2,LOW
pickleball,3,21,300000,4,0,11,4,MEDIUM
bóng đá,1,18,640000,8,0,11,14,MEDIUM
cầu lông,0,19,210000,9,0,12,6,MEDIUM
tennis,3,9,420000,5,0,9,4,LOW
bóng đá,2,18,840000,11,0,14,14,HIGH
tennis,4,15,300000,2,0,2,4,LOW
pickleball,5,18,260000,5,1,13,4,HIGH
pickleball,6,18,230000,3,1,18,4,HIGH
cầu lông,4,8,160000,12,0,6,4,LOW
cầu lông,4,21,180000,1,0,9,4,MEDIUM
cầu lông,5,20,200000,3,1,20,4,HIGH
bóng đá,0,10,600000,1,0,15,12,MEDIUM
cầu lông,4,10,230000,1,0,8,4,LOW
pickleball,0,9,300000,2,0,6,6,LOW
cầu lông,1,20,190000,10,0,17,4,MEDIUM
bóng đá,3,11,630000,7,0,11,14,MEDIUM
pickleball,6,14,300000,1,1,13,6,MEDIUM
pickleball,4,18,290000,7,0,14,4,MEDIUM
bóng rổ,4,18,520000,1,0,13,12,MEDIUM
bóng rổ,5,18,410000,9,1,18,12,HIGH
bóng đá,4,13,820000,8,0,10,12,LOW
pickleball,3,19,210000,2,0,10,4,MEDIUM
bóng đá,3,14,620000,9,0,7,18,LOW
cầu lông,6,16,180000,8,1,12,4,MEDIUM
bóng đá,4,21,660000,3,0,13,14,MEDIUM
pickleball,2,21,330000,3,0,23,4,HIGH
bóng rổ,5,6,400000,4,1,8,12,LOW
bóng rổ,5,20,580000,8,1,18,16,HIGH
cầu lông,1,18,180000,10,0,9,4,MEDIUM
tennis,4,10,370000,1,0,7,6,LOW
cầu lông,1,16,150000,4,0,5,4,LOW
bóng đá,5,20,830000,2,1,20,18,HIGH
tennis,6,17,400000,2,1,10,6,MEDIUM
bóng đá,5,13,620000,1,1,26,18,HIGH
bóng rổ,2,6,370000,7,0,10,12,LOW
bóng rổ,1,11,460000,6,0,10,16,LOW
bóng rổ,1,16,380000,6,0,7,10,LOW
pickleball,6,11,290000,5,1,14,2,MEDIUM
cầu lông,6,21,250000,2,1,16,4,MEDIUM
cầu lông,6,18,190000,5,1,22,8,HIGH
bóng đá,2,8,640000,2,0,10,16,LOW
pickleball,6,20,290000,2,1,8,2,MEDIUM
bóng đá,2,9,660000,10,0,14,14,MEDIUM
cầu lông,2,11,150000,7,0,8,4,LOW
cầu lông,3,19,170000,5,0,22,4,HIGH
bóng đá,6,20,760000,5,1,17,12,HIGH
tennis,6,15,350000,7,1,12,6,MEDIUM
bóng đá,6,19,670000,9,1,16,12,HIGH
bóng đá,0,11,630000,5,0,16,16,MEDIUM
cầu lông,4,20,190000,3,0,11,8,LOW
pickleball,4,10,210000,1,0,7,4,LOW
bóng rổ,0,19,550000,6,0,19,10,HIGH
bóng đá,0,8,600000,2,0,9,14,LOW
tennis,0,21,400000,1,0,17,2,HIGH
tennis,6,7,470000,2,1,9,2,LOW
cầu lông,6,15,170000,10,1,9,8,MEDIUM
cầu lông,4,16,210000,12,0,9,8,LOW
bóng rổ,6,7,390000,8,1,11,14,MEDIUM
pickleball,4,13,270000,12,0,8,4,LOW
bóng rổ,6,21,570000,10,1,18,12,HIGH
pickleball,3,8,200000,4,0,5,8,LOW
cầu lông,3,10,160000,2,0,9,4,MEDIUM
bóng rổ,6,18,450000,5,1,15,10,MEDIUM
pickleball,2,18,270000,8,0,11,8,MEDIUM
cầu lông,6,7,150000,3,1,8,4,MEDIUM
cầu lông,6,17,190000,3,1,14,8,HIGH
bóng đá,0,10,620000,7,0,10,14,LOW
bóng đá,0,13,550000,11,0,6,12,LOW
cầu lông,5,9,240000,12,1,9,8,LOW
bóng rổ,1,18,380000,2,0,9,12,LOW
bóng rổ,3,20,550000,8,0,15,14,MEDIUM
cầu lông,2,19,240000,6,0,14,2,MEDIUM
bóng rổ,4,18,400000,7,0,18,12,HIGH
bóng rổ,3,20,540000,7,0,7,16,LOW
bóng đá,6,16,640000,1,1,15,14,HIGH
bóng rổ,0,15,530000,8,0,12,12,LOW
pickleball,5,17,290000,7,1,14,6,HIGH
pickleball,4,18,210000,4,0,10,6,MEDIUM
bóng rổ,2,19,490000,2,0,7,12,LOW
bóng đá,3,18,790000,4,0,25,18,HIGH
cầu lông,4,17,230000,10,0,17,8,MEDIUM
pickleball,4,20,260000,4,0,11,2,MEDIUM
bóng đá,0,20,720000,12,0,20,14,HIGH
bóng đá,6,19,630000,8,1,21,14,HIGH
pickleball,5,16,240000,4,1,12,4,MEDIUM
bóng rổ,0,13,520000,11,0,10,12,LOW
pickleball,2,17,240000,8,0,12,8,MEDIUM
cầu lông,1,10,170000,9,0,14,6,MEDIUM
cầu lông,2,18,240000,1,0,13,6,MEDIUM
cầu lông,6,14,230000,6,1,15,4,MEDIUM
bóng rổ,0,21,450000,7,0,16,12,HIGH
bóng rổ,0,15,340000,7,0,16,12,MEDIUM
bóng đá,5,16,780000,11,1,11,18,MEDIUM
pickleball,4,20,320000,3,0,13,6,MEDIUM
bóng đá,2,19,700000,3,0,13,16,MEDIUM
pickleball,1,21,300000,4,0,14,4,MEDIUM
cầu lông,4,21,220000,6,0,18,2,HIGH
bóng rổ,5,15,440000,5,1,9,10,MEDIUM
bóng rổ,1,18,540000,12,0,9,14,MEDIUM
pickleball,6,18,310000,12,1,23,6,HIGH
cầu lông,6,13,210000,11,1,11,4,MEDIUM
bóng rổ,6,17,540000,5,1,19,10,HIGH
bóng đá,2,17,660000,11,0,13,14,MEDIUM
pickleball,5,20,340000,9,1,21,6,HIGH
bóng đá,6,19,760000,10,1,17,14,HIGH
bóng đá,6,9,730000,2,1,13,14,MEDIUM
bóng rổ,6,18,500000,7,1,19,14,HIGH
cầu lông,6,14,190000,4,1,11,4,MEDIUM
cầu lông,0,14,180000,11,0,3,6,LOW
pickleball,6,7,230000,8,1,12,6,MEDIUM
bóng đá,6,20,660000,6,1,17,14,HIGH
tennis,5,16,350000,12,1,6,8,LOW
cầu lông,3,18,210000,5,0,21,4,HIGH
bóng đá,2,21,790000,11,0,20,14,HIGH
pickleball,3,19,280000,1,0,14,4,MEDIUM
bóng rổ,5,14,520000,11,1,17,12,HIGH
pickleball,1,15,250000,12,0,17,2,HIGH
cầu lông,5,19,210000,7,1,16,6,HIGH
cầu lông,5,9,220000,2,1,10,8,LOW
bóng đá,1,19,660000,10,0,19,12,HIGH
cầu lông,6,20,250000,8,1,11,8,MEDIUM
bóng đá,1,17,660000,10,0,9,14,MEDIUM
bóng rổ,2,6,490000,11,0,7,14,LOW
pickleball,4,19,260000,3,0,10,4,LOW
bóng rổ,6,7,480000,12,1,8,10,LOW
cầu lông,1,16,180000,1,0,6,6,LOW
cầu lông,2,10,200000,4,0,14,4,MEDIUM
cầu lông,1,19,170000,3,0,15,4,MEDIUM
cầu lông,3,20,230000,3,0,12,4,MEDIUM
pickleball,3,14,190000,2,0,11,6,LOW
cầu lông,1,8,160000,12,0,13,8,MEDIUM
bóng đá,4,7,780000,1,0,7,18,LOW
bóng rổ,2,16,330000,9,0,6,12,LOW
bóng rổ,6,21,580000,2,1,19,10,HIGH
bóng đá,0,21,810000,12,0,16,12,HIGH
pickleball,6,20,330000,12,1,19,4,HIGH
cầu lông,0,18,200000,10,0,18,4,HIGH
tennis,3,7,360000,2,0,5,6,LOW
tennis,3,18,440000,12,0,7,4,LOW
bóng đá,5,19,710000,11,1,16,14,HIGH
bóng đá,4,19,840000,1,0,9,12,MEDIUM
cầu lông,3,20,240000,3,0,13,8,LOW
bóng đá,1,15,730000,6,0,14,12,MEDIUM
pickleball,2,19,250000,1,0,9,8,LOW
bóng rổ,4,9,380000,2,0,11,10,LOW
bóng rổ,2,18,410000,5,0,14,10,MEDIUM
bóng đá,5,13,550000,8,1,23,14,HIGH
bóng đá,0,19,570000,5,0,16,16,HIGH
bóng rổ,3,11,460000,3,0,10,16,LOW
bóng đá,3,20,760000,6,0,16,18,HIGH
bóng đá,4,20,740000,8,0,18,14,HIGH
bóng rổ,2,8,370000,1,0,10,12,LOW
bóng đá,0,18,580000,12,0,17,18,HIGH
cầu lông,3,8,200000,1,0,4,6,LOW
pickleball,4,13,270000,6,0,12,2,MEDIUM
bóng đá,6,21,670000,12,1,16,12,HIGH
bóng rổ,3,8,520000,11,0,13,10,LOW
bóng rổ,4,11,400000,3,0,12,12,LOW
pickleball,2,14,200000,5,0,12,2,MEDIUM
cầu lông,0,19,220000,12,0,16,6,HIGH
bóng đá,3,19,800000,11,0,11,18,MEDIUM
cầu lông,3,18,220000,11,0,16,4,MEDIUM
bóng đá,1,20,590000,5,0,18,18,HIGH
bóng rổ,6,8,480000,1,1,10,12,MEDIUM
cầu lông,3,16,190000,2,0,5,2,LOW
pickleball,2,17,280000,2,0,16,4,MEDIUM
pickleball,6,15,270000,6,1,20,6,HIGH
pickleball,3,8,210000,11,0,11,4,LOW
cầu lông,0,18,240000,6,0,10,4,MEDIUM
bóng rổ,5,17,450000,1,1,19,12,HIGH
tennis,6,9,390000,11,1,11,4,MEDIUM
tennis,3,17,480000,8,0,15,6,MEDIUM
cầu lông,5,20,200000,6,1,13,8,HIGH
pickleball,3,11,280000,10,0,7,6,LOW
bóng đá,0,11,600000,10,0,13,14,MEDIUM
bóng đá,1,11,690000,10,0,17,18,MEDIUM
pickleball,4,15,280000,7,0,10,2,LOW
pickleball,3,18,310000,5,0,14,8,HIGH
bóng rổ,4,7,520000,8,0,5,12,LOW
pickleball,4,8,240000,1,0,12,2,MEDIUM
bóng rổ,6,10,470000,8,1,17,16,HIGH
cầu lông,0,7,180000,1,0,5,8,LOW
bóng rổ,1,18,490000,1,0,10,14,MEDIUM
bóng đá,5,16,640000,3,1,11,18,MEDIUM
bóng đá,1,6,690000,7,0,12,14,MEDIUM
pickleball,6,15,290000,7,1,13,4,MEDIUM
bóng đá,0,19,830000,2,0,17,12,HIGH
cầu lông,6,14,150000,12,1,11,2,MEDIUM
bóng rổ,0,15,380000,8,0,7,14,LOW
bóng rổ,2,7,470000,5,0,9,12,LOW
cầu lông,3,13,210000,8,0,6,4,LOW
bóng rổ,1,18,450000,11,0,9,12,MEDIUM
pickleball,0,19,250000,2,0,15,4,HIGH
cầu lông,6,14,170000,3,1,16,4,HIGH
pickleball,0,19,300000,5,0,18,4,HIGH
tennis,3,16,410000,9,0,7,4,LOW
pickleball,6,20,320000,9,1,14,6,HIGH
bóng đá,3,14,610000,3,0,12,16,MEDIUM
bóng đá,5,19,690000,2,1,18,14,HIGH
cầu lông,2,9,160000,6,0,14,6,MEDIUM
bóng rổ,3,16,410000,5,0,5,16,LOW
cầu lông,2,8,170000,10,0,16,4,MEDIUM
bóng đá,6,18,600000,8,1,10,14,HIGH
bóng đá,5,17,820000,8,1,21,16,HIGH
cầu lông,4,14,230000,7,0,11,4,MEDIUM
bóng rổ,4,10,430000,10,0,7,16,LOW
cầu lông,5,20,190000,11,1,16,8,HIGH
bóng đá,1,16,570000,10,0,12,16,MEDIUM
tennis,1,19,410000,9,0,10,2,LOW
bóng đá,0,15,820000,10,0,10,14,LOW
pickleball,6,21,290000,7,1,22,2,HIGH
cầu lông,6,18,190000,5,1,12,2,MEDIUM
cầu lông,5,10,210000,6,1,14,4,MEDIUM
bóng rổ,4,20,480000,5,0,10,12,MEDIUM
tennis,1,18,320000,9,0,7,6,LOW
cầu lông,6,17,220000,4,1,10,4,MEDIUM
bóng rổ,0,10,430000,8,0,13,14,MEDIUM
bóng rổ,4,17,430000,9,0,12,14,MEDIUM
tennis,5,20,330000,6,1,12,4,HIGH
bóng rổ,1,19,530000,8,0,11,10,MEDIUM
pickleball,0,19,220000,1,0,11,8,MEDIUM
bóng đá,6,11,770000,11,1,10,14,MEDIUM
bóng đá,1,21,610000,4,0,15,14,MEDIUM
cầu lông,2,6,210000,2,0,7,6,LOW
tennis,6,21,360000,10,1,17,2,HIGH
bóng đá,6,15,780000,10,1,17,12,HIGH
bóng đá,3,10,770000,7,0,7,12,MEDIUM
bóng đá,4,15,790000,9,0,9,14,LOW
cầu lông,2,19,160000,10,0,6,4,LOW
bóng rổ,3,8,450000,4,0,8,10,LOW
bóng rổ,1,20,570000,7,0,14,12,MEDIUM
bóng đá,6,21,740000,7,1,18,16,HIGH
bóng rổ,1,19,360000,12,0,7,16,MEDIUM
bóng rổ,5,20,570000,4,1,15,10,MEDIUM
tennis,4,13,450000,9,0,6,4,LOW
cầu lông,3,11,180000,11,0,8,4,LOW
bóng rổ,1,20,560000,5,0,17,12,MEDIUM
bóng đá,1,9,800000,5,0,14,14,MEDIUM
cầu lông,1,21,220000,4,0,15,2,HIGH
bóng đá,5,19,810000,6,1,17,14,HIGH
bóng đá,1,15,810000,6,0,15,14,MEDIUM
bóng đá,0,14,810000,5,0,13,12,MEDIUM
pickleball,4,17,240000,12,0,13,4,HIGH
bóng rổ,0,8,500000,11,0,9,12,LOW
bóng đá,0,9,720000,2,0,8,12,LOW
cầu lông,2,13,150000,7,0,6,4,LOW
bóng rổ,5,20,570000,5,1,19,12,HIGH
bóng đá,6,18,640000,9,1,16,18,HIGH
cầu lông,4,9,160000,1,0,9,8,LOW
bóng rổ,2,19,450000,3,0,6,10,LOW
bóng rổ,0,19,560000,4,0,12,12,MEDIUM
bóng đá,6,19,600000,12,1,12,12,MEDIUM
cầu lông,4,10,230000,6,0,15,4,MEDIUM
pickleball,0,20,290000,8,0,15,6,MEDIUM
bóng đá,3,21,720000,9,0,12,14,MEDIUM
pickleball,1,17,230000,1,0,13,4,MEDIUM
tennis,4,8,380000,1,0,4,4,LOW
bóng rổ,5,7,490000,1,1,10,12,LOW
bóng rổ,1,17,470000,12,0,12,10,MEDIUM
bóng rổ,3,15,390000,2,0,6,12,LOW
cầu lông,6,7,210000,8,1,13,6,MEDIUM
cầu lông,4,17,190000,8,0,16,2,HIGH
cầu lông,2,6,200000,6,0,10,4,LOW
tennis,6,19,360000,9,1,19,4,HIGH
pickleball,5,14,280000,4,1,16,4,MEDIUM
bóng đá,0,19,690000,2,0,18,14,HIGH
bóng đá,0,21,880000,8,0,14,14,HIGH
bóng đá,4,19,760000,6,0,30,12,HIGH
pickleball,0,19,280000,10,0,15,4,HIGH
cầu lông,1,21,220000,1,0,12,8,MEDIUM
bóng đá,4,16,720000,2,0,8,16,LOW
pickleball,1,17,310000,6,0,10,8,MEDIUM
pickleball,5,16,290000,7,1,14,2,HIGH
bóng đá,4,17,670000,3,0,17,14,HIGH
cầu lông,0,16,190000,2,0,7,4,LOW
bóng đá,2,20,870000,1,0,15,14,HIGH
bóng đá,0,20,570000,6,0,17,14,HIGH
cầu lông,4,16,180000,3,0,8,6,LOW
tennis,4,20,390000,2,0,13,2,MEDIUM
tennis,5,19,440000,10,1,10,6,MEDIUM
bóng đá,2,16,740000,6,0,11,16,MEDIUM
cầu lông,3,18,190000,7,0,12,8,MEDIUM
bóng đá,6,14,550000,8,1,23,16,HIGH
bóng đá,1,21,750000,11,0,18,12,HIGH
pickleball,3,13,300000,1,0,15,4,MEDIUM
bóng đá,2,7,580000,6,0,11,14,MEDIUM
bóng rổ,6,18,390000,11,1,17,16,HIGH
bóng đá,2,18,760000,10,0,9,18,MEDIUM
tennis,2,9,340000,2,0,3,6,LOW
pickleball,4,6,290000,10,0,9,4,LOW
pickleball,1,19,280000,4,0,7,2,LOW
pickleball,6,15,260000,9,1,8,4,LOW
cầu lông,0,20,170000,8,0,15,2,HIGH
bóng rổ,0,18,360000,4,0,9,14,LOW
tennis,1,9,420000,3,0,7,4,LOW
bóng rổ,4,14,440000,12,0,8,10,LOW
pickleball,4,21,240000,5,0,17,2,HIGH
tennis,1,7,420000,7,0,8,4,LOW
cầu lông,3,8,190000,10,0,9,4,LOW
bóng đá,6,18,860000,9,1,18,18,HIGH
bóng đá,0,10,530000,7,0,10,18,LOW
cầu lông,5,11,190000,3,1,15,4,MEDIUM
tennis,2,16,340000,4,0,11,6,LOW
bóng đá,1,13,610000,10,0,10,12,LOW
bóng đá,4,8,730000,10,0,4,14,LOW
pickleball,2,17,280000,10,0,11,2,MEDIUM
pickleball,2,7,210000,1,0,11,4,MEDIUM
pickleball,5,20,330000,11,1,17,4,HIGH
bóng đá,0,20,870000,1,0,20,18,HIGH
bóng đá,1,19,690000,8,0,22,16,HIGH
pickleball,3,10,200000,10,0,11,4,LOW
bóng đá,4,10,670000,2,0,6,14,LOW
bóng đá,3,20,640000,2,0,25,18,HIGH
bóng đá,4,8,590000,2,0,12,18,MEDIUM
bóng đá,6,7,630000,7,1,17,14,HIGH
pickleball,0,16,280000,9,0,3,6,LOW
bóng đá,6,21,780000,8,1,23,12,HIGH
bóng đá,6,13,640000,3,1,11,14,MEDIUM
cầu lông,5,14,220000,7,1,14,8,MEDIUM
bóng đá,3,18,700000,1,0,18,14,HIGH
bóng đá,4,17,700000,4,0,19,14,HIGH
pickleball,3,20,320000,3,0,9,4,LOW
cầu lông,0,21,230000,2,0,13,2,MEDIUM
bóng đá,5,17,860000,5,1,11,18,MEDIUM
cầu lông,1,9,230000,4,0,8,2,LOW
bóng rổ,6,19,410000,3,1,17,12,HIGH
bóng rổ,1,21,460000,2,0,15,10,HIGH
bóng rổ,5,17,450000,6,1,7,14,MEDIUM
bóng rổ,1,15,430000,7,0,10,12,MEDIUM
pickleball,5,19,270000,9,1,19,2,HIGH
bóng rổ,2,18,480000,3,0,7,12,LOW
bóng đá,0,11,800000,2,0,9,12,LOW
cầu lông,3,13,140000,8,0,6,6,LOW
bóng đá,0,18,670000,11,0,14,14,MEDIUM
bóng đá,3,20,570000,12,0,15,14,HIGH
cầu lông,3,11,230000,5,0,9,4,MEDIUM
bóng đá,2,14,720000,2,0,8,14,LOW
pickleball,0,16,220000,11,0,12,2,MEDIUM
cầu lông,2,19,200000,3,0,13,2,MEDIUM
cầu lông,4,21,200000,2,0,15,6,MEDIUM
cầu lông,4,8,170000,5,0,9,2,LOW
pickleball,1,19,260000,3,0,9,2,MEDIUM
bóng đá,0,19,590000,4,0,11,16,MEDIUM
tennis,5,20,490000,11,1,12,8,MEDIUM
cầu lông,1,18,230000,10,0,10,6,LOW
pickleball,5,19,310000,7,1,22,4,HIGH
pickleball,2,10,220000,4,0,10,4,MEDIUM
tennis,0,11,380000,12,0,7,4,LOW
bóng đá,0,19,750000,12,0,10,14,MEDIUM
cầu lông,0,20,160000,8,0,14,6,MEDIUM
bóng rổ,0,19,400000,9,0,17,10,HIGH
pickleball,5,8,240000,5,1,20,8,HIGH
cầu lông,3,18,170000,7,0,18,4,HIGH
bóng đá,4,19,720000,1,0,14,14,HIGH
bóng đá,6,20,830000,1,1,10,14,MEDIUM
bóng đá,0,14,660000,11,0,4,14,LOW
pickleball,0,19,290000,5,0,30,2,HIGH
tennis,5,20,370000,7,1,17,4,MEDIUM
cầu lông,3,20,180000,12,0,15,4,MEDIUM
bóng đá,6,8,550000,8,1,25,14,HIGH
cầu lông,5,18,220000,5,1,15,2,HIGH
bóng rổ,0,18,500000,10,0,11,12,MEDIUM
bóng đá,0,8,550000,9,0,7,14,LOW
cầu lông,0,19,190000,12,0,9,8,MEDIUM
bóng rổ,2,14,370000,2,0,10,12,LOW
cầu lông,0,21,210000,2,0,10,4,LOW
bóng rổ,0,17,470000,3,0,7,12,LOW
pickleball,5,20,290000,5,1,16,4,HIGH
pickleball,2,17,300000,1,0,16,4,HIGH
bóng đá,5,15,790000,11,1,10,12,MEDIUM
bóng đá,6,18,700000,12,1,17,12,HIGH
bóng rổ,3,9,370000,7,0,8,10,LOW
bóng đá,4,16,790000,9,0,16,16,MEDIUM
bóng đá,4,18,870000,7,0,16,18,HIGH
pickleball,4,19,280000,11,0,15,6,MEDIUM
bóng rổ,6,21,420000,2,1,17,12,HIGH
bóng rổ,3,16,470000,6,0,10,12,LOW
bóng đá,4,21,780000,12,0,16,18,HIGH
bóng đá,3,20,670000,5,0,16,14,HIGH
tennis,1,18,420000,3,0,11,6,LOW
bóng rổ,4,16,470000,4,0,8,12,LOW
pickleball,0,20,280000,12,0,14,2,MEDIUM
pickleball,6,13,270000,6,1,19,4,HIGH
bóng đá,1,18,600000,10,0,12,14,MEDIUM
cầu lông,5,15,180000,12,1,10,4,MEDIUM
bóng đá,3,19,590000,8,0,12,16,MEDIUM
tennis,1,7,440000,8,0,7,4,LOW
bóng đá,1,16,530000,11,0,10,14,LOW
bóng rổ,4,21,500000,3,0,14,12,MEDIUM
cầu lông,0,10,210000,8,0,7,6,LOW
cầu lông,1,8,220000,9,0,7,4,LOW
bóng đá,1,20,710000,6,0,16,14,HIGH
tennis,2,16,300000,11,0,2,6,LOW
bóng rổ,2,19,390000,10,0,21,12,HIGH
bóng đá,1,17,810000,4,0,16,14,HIGH
pickleball,4,20,320000,2,0,14,4,MEDIUM
pickleball,6,10,220000,4,1,16,4,HIGH
cầu lông,1,9,190000,10,0,8,8,LOW
pickleball,5,21,310000,5,1,12,2,MEDIUM
pickleball,5,10,270000,10,1,8,4,LOW
cầu lông,3,19,210000,8,0,13,4,MEDIUM
bóng đá,6,21,780000,1,1,22,12,HIGH
bóng đá,4,17,710000,1,0,12,18,MEDIUM
bóng đá,2,9,760000,1,0,15,18,MEDIUM
cầu lông,3,7,220000,4,0,3,4,LOW
bóng rổ,3,19,520000,11,0,13,10,MEDIUM
bóng đá,6,16,550000,10,1,18,16,HIGH
pickleball,6,20,280000,2,1,15,8,HIGH
bóng đá,1,10,830000,8,0,11,14,MEDIUM
tennis,5,20,390000,7,1,12,6,MEDIUM
pickleball,0,6,300000,10,0,9,4,LOW
cầu lông,6,13,160000,6,1,13,4,MEDIUM
bóng đá,6,19,870000,2,1,16,18,HIGH
bóng đá,1,20,560000,8,0,16,18,HIGH
cầu lông,3,7,230000,3,0,9,6,LOW
pickleball,5,18,330000,4,1,15,4,MEDIUM
bóng đá,1,20,750000,11,0,18,14,HIGH
pickleball,6,17,330000,1,1,9,2,MEDIUM
bóng đá,5,20,710000,9,1,11,12,HIGH
cầu lông,2,20,190000,7,0,17,2,HIGH
tennis,0,10,410000,8,0,8,2,LOW
bóng đá,5,13,720000,9,1,19,14,HIGH
pickleball,3,9,220000,6,0,11,2,MEDIUM
bóng đá,1,17,850000,11,0,12,12,MEDIUM
bóng rổ,6,10,550000,7,1,15,10,MEDIUM
cầu lông,4,19,220000,4,0,7,4,LOW
bóng đá,2,13,810000,1,0,10,16,LOW
bóng đá,2,20,580000,11,0,19,16,HIGH
cầu lông,4,10,210000,1,0,7,2,LOW
pickleball,0,10,190000,12,0,11,4,MEDIUM
tennis,1,16,290000,3,0,7,2,LOW
pickleball,6,20,300000,1,1,12,4,MEDIUM
bóng rổ,2,21,560000,9,0,8,12,LOW
cầu lông,1,6,220000,4,0,12,2,LOW
tennis,3,15,330000,2,0,4,4,LOW
pickleball,6,7,240000,7,1,8,4,LOW
bóng đá,1,20,610000,4,0,17,16,HIGH
cầu lông,6,17,180000,3,1,18,8,HIGH
cầu lông,0,9,220000,5,0,11,4,LOW
bóng rổ,4,16,480000,4,0,14,12,LOW
pickleball,4,14,290000,4,0,4,4,LOW
bóng đá,1,19,650000,11,0,16,12,HIGH
cầu lông,4,19,160000,8,0,16,8,HIGH
bóng đá,5,17,600000,7,1,21,14,HIGH
cầu lông,6,17,180000,3,1,14,2,HIGH
cầu lông,6,19,180000,4,1,16,4,HIGH
bóng đá,6,18,700000,8,1,24,14,HIGH
bóng rổ,1,14,470000,5,0,6,12,LOW
bóng đá,0,10,550000,12,0,13,18,MEDIUM
tennis,2,21,420000,3,0,8,6,LOW
tennis,3,17,320000,1,0,12,4,MEDIUM
bóng rổ,4,6,520000,12,0,9,12,LOW
bóng đá,5,21,700000,11,1,12,14,HIGH
bóng rổ,0,19,430000,3,0,9,10,MEDIUM
bóng rổ,4,15,360000,7,0,14,10,MEDIUM
tennis,4,17,370000,3,0,7,4,LOW
bóng đá,4,17,600000,3,0,11,16,HIGH
cầu lông,3,7,210000,2,0,4,2,LOW
bóng rổ,6,11,490000,6,1,12,12,MEDIUM
bóng đá,3,19,830000,8,0,17,18,HIGH
cầu lông,0,21,170000,2,0,12,4,LOW
pickleball,5,17,280000,1,1,12,2,HIGH
pickleball,0,7,250000,3,0,7,4,LOW
bóng đá,0,15,620000,9,0,8,14,LOW
bóng đá,4,10,770000,10,0,5,18,LOW
pickleball,0,15,210000,9,0,17,4,MEDIUM
cầu lông,3,7,170000,12,0,8,6,LOW
bóng đá,4,10,660000,9,0,8,14,LOW
bóng rổ,3,15,380000,6,0,13,12,MEDIUM
bóng đá,1,6,620000,1,0,11,12,MEDIUM
cầu lông,5,21,240000,1,1,12,6,MEDIUM
cầu lông,0,20,220000,3,0,13,6,MEDIUM
bóng đá,3,18,780000,12,0,13,14,MEDIUM
pickleball,4,16,270000,12,0,10,4,LOW
cầu lông,1,20,190000,1,0,16,4,HIGH
cầu lông,3,11,150000,12,0,9,4,LOW
bóng rổ,2,17,500000,12,0,18,12,HIGH
tennis,0,17,370000,4,0,8,4,LOW
bóng đá,1,16,570000,2,0,8,18,LOW
bóng đá,5,7,760000,11,1,12,14,MEDIUM
cầu lông,3,19,190000,12,0,14,2,MEDIUM
bóng đá,3,9,760000,12,0,15,16,MEDIUM
cầu lông,6,19,190000,8,1,18,4,HIGH
cầu lông,4,10,200000,8,0,11,8,LOW
cầu lông,5,19,230000,6,1,10,4,MEDIUM
tennis,4,20,400000,5,0,6,6,LOW
bóng đá,3,19,770000,9,0,13,14,MEDIUM
tennis,1,19,360000,11,0,16,2,HIGH
tennis,1,20,330000,2,0,9,8,LOW
bóng đá,4,9,610000,12,0,11,18,MEDIUM
cầu lông,3,19,190000,3,0,11,4,MEDIUM
bóng đá,5,21,840000,3,1,28,14,HIGH
cầu lông,3,9,190000,5,0,11,8,LOW
bóng rổ,0,10,430000,5,0,13,12,MEDIUM
cầu lông,0,17,170000,8,0,9,6,MEDIUM
pickleball,0,17,330000,5,0,8,2,LOW
pickleball,1,18,260000,9,0,12,6,MEDIUM
pickleball,2,13,290000,7,0,11,8,LOW
bóng rổ,6,20,450000,9,1,18,16,HIGH
bóng đá,4,20,610000,9,0,17,14,HIGH
bóng rổ,0,13,490000,4,0,9,16,LOW
cầu lông,0,7,230000,1,0,15,4,MEDIUM
cầu lông,1,17,240000,11,0,14,2,MEDIUM
bóng đá,3,8,710000,11,0,6,14,LOW
bóng đá,3,6,530000,3,0,6,18,LOW
pickleball,5,19,310000,10,1,15,4,HIGH
pickleball,1,18,250000,6,0,23,4,HIGH
tennis,3,16,420000,6,0,11,4,LOW
cầu lông,4,8,200000,2,0,8,4,LOW
cầu lông,4,19,180000,8,0,16,4,HIGH
bóng đá,0,18,720000,4,0,17,14,HIGH
cầu lông,4,13,230000,7,0,6,4,LOW
pickleball,1,13,300000,8,0,11,4,MEDIUM
tennis,1,19,370000,4,0,6,8,LOW
tennis,3,21,440000,3,0,9,6,LOW
tennis,2,6,360000,4,0,10,6,LOW
cầu lông,5,17,180000,12,1,21,4,HIGH
bóng rổ,0,19,410000,7,0,20,10,HIGH
cầu lông,2,7,170000,2,0,6,2,LOW
pickleball,3,7,270000,1,0,9,8,LOW
pickleball,5,19,220000,2,1,8,4,MEDIUM
bóng đá,1,19,780000,5,0,19,14,HIGH
cầu lông,4,16,160000,11,0,9,2,LOW
bóng đá,6,13,640000,11,1,15,14,HIGH
tennis,5,16,370000,9,1,8,4,MEDIUM
bóng đá,1,18,590000,4,0,11,14,MEDIUM
cầu lông,2,16,170000,10,0,10,6,LOW
bóng đá,6,8,780000,9,1,10,16,LOW
bóng đá,5,11,730000,12,1,12,14,MEDIUM
bóng đá,3,6,510000,9,0,21,12,HIGH
pickleball,6,14,270000,8,1,15,4,MEDIUM
cầu lông,0,19,180000,1,0,10,2,MEDIUM
cầu lông,4,19,220000,1,0,9,4,MEDIUM
bóng rổ,2,8,330000,9,0,6,16,LOW
bóng đá,1,18,880000,5,0,11,14,MEDIUM
bóng đá,2,18,730000,5,0,15,14,MEDIUM
pickleball,4,9,260000,6,0,5,8,LOW
bóng đá,4,13,580000,12,0,6,14,LOW
pickleball,6,16,290000,4,1,18,4,MEDIUM
bóng đá,6,10,690000,1,1,17,18,HIGH
tennis,0,21,430000,5,0,11,4,MEDIUM
bóng đá,1,6,720000,12,0,13,14,MEDIUM
pickleball,0,17,270000,5,0,16,4,HIGH
pickleball,6,10,220000,8,1,19,2,HIGH
bóng đá,6,19,610000,10,1,10,14,HIGH
cầu lông,1,21,240000,2,0,14,6,MEDIUM
cầu lông,6,17,190000,7,1,14,6,HIGH
tennis,0,11,410000,6,0,10,4,LOW
cầu lông,0,18,230000,7,0,17,4,MEDIUM
bóng rổ,0,13,460000,2,0,5,12,LOW
cầu lông,6,18,220000,2,1,10,6,MEDIUM
cầu lông,5,21,250000,5,1,18,4,HIGH
tennis,1,21,380000,5,0,13,6,MEDIUM
pickleball,5,17,250000,2,1,15,2,HIGH
pickleball,4,8,200000,2,0,12,8,MEDIUM
cầu lông,1,18,220000,9,0,11,2,MEDIUM
bóng rổ,5,13,500000,5,1,15,12,HIGH
bóng đá,1,18,820000,8,0,18,14,HIGH
bóng rổ,3,18,500000,5,0,14,12,HIGH
pickleball,2,10,310000,5,0,13,4,MEDIUM
bóng đá,2,8,580000,8,0,10,12,LOW
bóng đá,0,13,810000,3,0,7,14,LOW
bóng rổ,1,7,450000,4,0,10,12,LOW
pickleball,1,19,260000,3,0,12,8,MEDIUM
tennis,1,19,470000,11,0,13,4,MEDIUM
tennis,3,17,360000,10,0,5,2,LOW
cầu lông,4,9,190000,10,0,10,8,MEDIUM
cầu lông,0,14,150000,8,0,11,4,MEDIUM
pickleball,5,6,230000,11,1,13,6,MEDIUM
tennis,6,7,420000,7,1,8,6,LOW
tennis,3,18,410000,9,0,9,4,LOW
pickleball,3,8,290000,4,0,9,4,LOW
bóng đá,3,21,790000,4,0,20,12,HIGH
bóng đá,3,18,850000,6,0,22,18,HIGH
bóng đá,6,18,840000,6,1,17,14,HIGH
cầu lông,1,16,150000,12,0,8,2,LOW
bóng đá,4,10,750000,6,0,12,14,MEDIUM
cầu lông,0,10,170000,7,0,11,4,LOW
bóng đá,4,13,510000,9,0,7,12,LOW
pickleball,0,20,320000,6,0,10,8,MEDIUM
bóng đá,2,14,770000,3,0,10,12,LOW
pickleball,6,19,330000,7,1,11,8,MEDIUM
bóng rổ,5,11,460000,9,1,12,14,MEDIUM
cầu lông,5,15,230000,8,1,15,4,MEDIUM
cầu lông,5,19,170000,1,1,9,4,MEDIUM
bóng rổ,6,15,440000,6,1,7,12,LOW
pickleball,6,13,280000,2,1,12,2,MEDIUM
cầu lông,4,21,220000,7,0,11,4,MEDIUM
pickleball,0,8,270000,4,0,5,6,LOW
bóng đá,2,7,670000,7,0,6,12,MEDIUM
cầu lông,2,14,180000,11,0,9,4,MEDIUM
pickleball,6,17,250000,12,1,19,8,HIGH
pickleball,5,10,210000,9,1,8,2,LOW
pickleball,0,19,290000,10,0,8,6,LOW
pickleball,0,20,230000,10,0,9,2,MEDIUM
bóng rổ,1,14,390000,10,0,11,12,LOW
pickleball,4,10,270000,12,0,9,6,LOW
bóng đá,0,19,870000,2,0,11,18,MEDIUM
cầu lông,5,16,160000,2,1,7,4,LOW
bóng đá,4,20,690000,2,0,10,14,MEDIUM
bóng đá,4,16,670000,4,0,5,16,LOW
cầu lông,3,18,230000,7,0,18,2,MEDIUM
bóng rổ,3,6,470000,5,0,9,12,MEDIUM
bóng rổ,4,16,370000,3,0,10,12,LOW
bóng rổ,0,18,380000,5,0,15,14,MEDIUM
cầu lông,3,16,190000,9,0,10,4,MEDIUM
cầu lông,4,16,180000,11,0,14,4,MEDIUM
bóng đá,6,17,670000,5,1,15,12,HIGH
bóng rổ,5,13,460000,6,1,11,12,MEDIUM
tennis,0,16,290000,3,0,3,2,LOW
bóng rổ,2,8,340000,9,0,8,10,LOW
bóng đá,1,13,830000,9,0,9,14,LOW
pickleball,0,13,240000,5,0,8,2,LOW
tennis,2,11,310000,7,0,13,6,MEDIUM
bóng đá,2,21,820000,9,0,21,14,HIGH
cầu lông,2,19,220000,7,0,11,6,MEDIUM
cầu lông,3,17,240000,3,0,10,8,MEDIUM
tennis,6,19,430000,2,1,10,2,LOW
pickleball,1,21,270000,4,0,17,6,MEDIUM
cầu lông,6,19,180000,5,1,25,8,HIGH
cầu lông,4,17,190000,8,0,11,6,MEDIUM
bóng đá,2,13,800000,10,0,11,14,LOW
pickleball,6,10,270000,4,1,13,4,MEDIUM
cầu lông,4,8,210000,9,0,12,4,LOW
bóng đá,4,18,640000,2,0,9,14,MEDIUM
cầu lông,4,6,230000,3,0,9,8,LOW
bóng đá,3,8,570000,6,0,15,12,MEDIUM
bóng đá,4,17,710000,5,0,17,18,HIGH
bóng đá,5,18,640000,10,1,18,18,HIGH
pickleball,2,7,220000,8,0,6,2,LOW
pickleball,3,20,280000,7,0,11,6,MEDIUM
bóng đá,4,19,610000,10,0,17,16,HIGH
bóng rổ,3,11,370000,8,0,6,12,LOW
tennis,5,19,360000,8,1,14,4,HIGH
pickleball,5,18,320000,7,1,18,6,HIGH
cầu lông,3,7,160000,10,0,7,6,LOW
bóng rổ,0,21,380000,9,0,13,16,HIGH
bóng đá,3,20,870000,11,0,17,14,MEDIUM
cầu lông,5,15,220000,10,1,19,4,MEDIUM
pickleball,0,19,240000,6,0,16,2,HIGH
bóng đá,2,16,640000,5,0,11,14,MEDIUM
pickleball,2,18,270000,6,0,21,2,HIGH
pickleball,3,18,270000,10,0,8,4,LOW
bóng rổ,0,13,510000,6,0,15,12,MEDIUM
bóng rổ,5,10,380000,2,1,9,12,LOW
bóng đá,0,21,850000,4,0,11,14,MEDIUM
tennis,2,8,450000,1,0,5,4,LOW
cầu lông,3,19,180000,5,0,13,4,HIGH
cầu lông,6,16,240000,1,1,15,4,MEDIUM
cầu lông,5,18,250000,11,1,18,6,HIGH
bóng đá,3,21,830000,10,0,15,14,HIGH
pickleball,4,8,190000,11,0,13,4,MEDIUM
cầu lông,1,21,210000,10,0,9,4,LOW
bóng đá,2,17,750000,10,0,13,18,MEDIUM
tennis,0,9,380000,7,0,6,4,LOW
bóng đá,3,6,660000,3,0,14,12,MEDIUM
pickleball,0,21,220000,6,0,15,4,HIGH
bóng rổ,0,13,380000,1,0,6,16,LOW
bóng đá,2,13,780000,6,0,10,18,MEDIUM
bóng đá,5,16,850000,7,1,8,14,MEDIUM
bóng đá,6,19,700000,11,1,19,12,HIGH
pickleball,1,11,270000,5,0,12,4,LOW
bóng đá,5,18,850000,1,1,27,12,HIGH
pickleball,1,9,220000,6,0,9,4,LOW
bóng rổ,3,13,450000,3,0,3,16,LOW
bóng rổ,5,9,440000,9,1,9,14,MEDIUM
cầu lông,6,13,220000,6,1,20,4,HIGH
bóng đá,6,20,650000,4,1,14,16,HIGH
bóng rổ,4,9,420000,2,0,7,12,LOW
pickleball,0,17,290000,9,0,16,8,HIGH
bóng rổ,0,18,440000,11,0,14,12,MEDIUM
cầu lông,3,14,210000,11,0,4,4,LOW
cầu lông,6,19,190000,12,1,14,4,HIGH
bóng rổ,2,6,500000,4,0,11,12,LOW
bóng đá,0,18,800000,1,0,14,14,MEDIUM
tennis,0,20,330000,3,0,10,4,MEDIUM
bóng rổ,1,17,450000,7,0,14,14,MEDIUM
cầu lông,5,19,220000,4,1,9,2,MEDIUM
cầu lông,0,8,180000,6,0,9,4,LOW
bóng rổ,0,8,480000,12,0,10,12,LOW
bóng đá,1,15,570000,1,0,6,14,LOW
cầu lông,3,21,160000,10,0,19,4,HIGH
bóng rổ,5,9,490000,2,1,10,16,MEDIUM
bóng rổ,5,19,450000,4,1,15,12,MEDIUM
pickleball,1,21,280000,1,0,12,4,MEDIUM
tennis,4,20,340000,8,0,10,4,MEDIUM
tennis,1,11,450000,9,0,7,8,LOW
cầu lông,2,19,220000,7,0,11,8,MEDIUM
bóng đá,6,8,700000,7,1,13,14,HIGH
bóng đá,6,18,770000,4,1,16,14,HIGH
cầu lông,5,19,170000,12,1,18,6,HIGH
cầu lông,2,21,240000,5,0,10,4,MEDIUM
pickleball,4,7,290000,6,0,9,4,MEDIUM
pickleball,0,20,210000,1,0,18,4,HIGH
bóng rổ,4,21,510000,12,0,7,12,MEDIUM
cầu lông,3,14,170000,2,0,8,4,LOW
bóng rổ,6,21,390000,2,1,8,12,MEDIUM
tennis,0,21,430000,3,0,18,6,MEDIUM
bóng rổ,4,20,440000,11,0,15,12,MEDIUM
cầu lông,6,14,210000,9,1,8,4,LOW
cầu lông,3,18,200000,6,0,15,6,HIGH
bóng rổ,0,20,540000,3,0,16,12,MEDIUM
tennis,4,7,360000,3,0,6,8,LOW
cầu lông,5,6,190000,7,1,10,4,MEDIUM
pickleball,5,11,220000,5,1,11,8,MEDIUM
bóng đá,5,17,830000,3,1,22,14,HIGH
cầu lông,3,14,200000,12,0,8,2,LOW
bóng rổ,1,8,330000,10,0,8,14,LOW
bóng rổ,3,7,340000,9,0,8,12,LOW
bóng rổ,1,10,360000,9,0,9,12,LOW
bóng đá,0,14,660000,12,0,13,12,MEDIUM
bóng rổ,6,20,470000,1,1,14,12,HIGH
cầu lông,4,15,170000,6,0,10,2,LOW
pickleball,1,19,210000,4,0,10,8,MEDIUM
bóng đá,4,17,800000,7,0,21,12,HIGH
cầu lông,4,20,230000,1,0,13,6,MEDIUM
pickleball,5,19,260000,10,1,14,2,HIGH
cầu lông,0,17,170000,10,0,16,4,MEDIUM
bóng rổ,3,18,550000,11,0,11,16,MEDIUM
tennis,1,19,330000,4,0,6,8,LOW
cầu lông,3,18,200000,2,0,14,4,MEDIUM
cầu lông,0,17,170000,1,0,16,2,HIGH
bóng rổ,6,21,520000,12,1,16,14,HIGH
tennis,5,20,510000,1,1,17,6,HIGH
pickleball,5,19,320000,8,1,16,2,HIGH
tennis,3,13,460000,10,0,7,4,LOW
tennis,6,8,390000,9,1,6,2,LOW
cầu lông,1,6,220000,3,0,7,8,LOW
bóng đá,4,8,740000,5,0,10,16,MEDIUM
bóng đá,2,8,540000,10,0,9,12,LOW
cầu lông,5,7,220000,9,1,13,6,MEDIUM
tennis,4,19,320000,5,0,13,6,MEDIUM
bóng đá,0,21,870000,11,0,18,18,MEDIUM
bóng rổ,0,11,520000,3,0,5,14,LOW
bóng rổ,2,9,370000,1,0,10,12,LOW
bóng đá,2,18,750000,2,0,15,16,MEDIUM
tennis,0,11,290000,11,0,8,8,LOW
bóng đá,6,21,600000,3,1,15,16,HIGH
bóng đá,2,19,870000,6,0,11,14,MEDIUM
bóng rổ,1,10,520000,2,0,11,12,LOW
cầu lông,6,17,220000,4,1,20,4,HIGH
pickleball,4,21,240000,1,0,9,4,MEDIUM
bóng đá,4,20,780000,7,0,17,14,HIGH
bóng đá,1,16,730000,2,0,18,12,MEDIUM
bóng đá,5,18,670000,1,1,19,18,HIGH
bóng rổ,6,20,440000,10,1,16,16,HIGH
pickleball,6,17,320000,9,1,15,4,MEDIUM
cầu lông,0,10,150000,7,0,8,2,LOW
tennis,4,20,440000,2,0,13,6,MEDIUM
bóng đá,5,19,890000,9,1,31,18,HIGH
pickleball,5,16,240000,1,1,15,4,HIGH
cầu lông,3,21,170000,10,0,13,4,MEDIUM
pickleball,4,19,230000,11,0,19,4,HIGH
pickleball,0,8,260000,1,0,8,8,MEDIUM
bóng đá,2,21,710000,3,0,22,12,HIGH
cầu lông,6,20,190000,10,1,13,6,HIGH
cầu lông,3,17,230000,9,0,11,4,MEDIUM
cầu lông,3,16,210000,8,0,8,4,LOW
pickleball,4,17,280000,3,0,8,6,LOW
pickleball,1,8,230000,6,0,10,4,LOW
bóng rổ,0,15,360000,10,0,5,10,LOW
bóng đá,4,16,830000,1,0,10,16,LOW
pickleball,3,19,320000,8,0,15,4,MEDIUM
pickleball,6,18,230000,6,1,17,8,HIGH
pickleball,6,11,260000,2,1,10,4,MEDIUM
pickleball,0,14,270000,6,0,11,6,MEDIUM
bóng đá,3,19,730000,12,0,24,18,HIGH
pickleball,4,18,230000,4,0,9,6,LOW
pickleball,3,17,300000,1,0,17,4,HIGH
cầu lông,0,10,180000,1,0,10,8,LOW
pickleball,1,21,290000,12,0,11,8,MEDIUM
pickleball,6,17,250000,1,1,19,8,HIGH
bóng đá,4,21,730000,11,0,13,14,MEDIUM
bóng đá,1,20,690000,4,0,17,12,HIGH
bóng rổ,2,21,500000,6,0,13,16,MEDIUM
bóng rổ,5,21,530000,2,1,14,14,HIGH
cầu lông,5,21,170000,12,1,16,6,HIGH
bóng rổ,0,14,360000,5,0,14,16,MEDIUM
bóng đá,0,18,880000,8,0,20,14,HIGH
bóng rổ,6,14,400000,8,1,17,12,MEDIUM
pickleball,0,20,220000,2,0,17,4,HIGH
bóng đá,0,19,850000,4,0,21,18,HIGH
cầu lông,3,18,200000,9,0,12,6,MEDIUM
cầu lông,1,15,230000,12,0,10,8,LOW
bóng đá,6,18,650000,9,1,30,18,HIGH
pickleball,1,13,200000,3,0,16,4,MEDIUM
bóng đá,1,19,870000,7,0,17,16,HIGH
bóng đá,4,18,780000,3,0,14,16,MEDIUM
bóng đá,4,19,780000,6,0,19,14,HIGH
bóng đá,2,9,760000,3,0,5,14,LOW
bóng đá,0,10,580000,9,0,8,14,LOW
cầu lông,4,20,200000,11,0,16,8,MEDIUM
bóng đá,2,14,630000,1,0,11,14,MEDIUM
bóng rổ,3,7,430000,3,0,7,16,LOW
bóng đá,0,19,780000,5,0,21,12,HIGH
tennis,0,19,460000,6,0,10,4,MEDIUM
cầu lông,0,6,230000,7,0,14,4,MEDIUM
bóng đá,4,17,730000,10,0,20,14,HIGH
bóng đá,5,20,680000,11,1,29,18,HIGH
bóng đá,5,14,630000,6,1,21,14,HIGH
tennis,3,18,320000,4,0,10,4,MEDIUM
cầu lông,5,15,190000,6,1,7,4,MEDIUM
tennis,5,17,460000,9,1,12,8,MEDIUM
cầu lông,5,10,220000,2,1,16,8,MEDIUM
pickleball,2,19,290000,6,0,11,6,MEDIUM
tennis,4,10,430000,9,0,10,8,LOW
bóng rổ,2,9,450000,2,0,12,16,LOW
bóng đá,4,17,610000,6,0,15,14,HIGH
cầu lông,5,9,170000,2,1,8,4,LOW
bóng rổ,2,14,360000,1,0,10,16,LOW
pickleball,1,20,220000,5,0,18,2,HIGH
bóng đá,1,17,650000,10,0,14,14,MEDIUM
cầu lông,6,11,200000,12,1,13,4,MEDIUM
pickleball,1,20,260000,6,0,16,4,HIGH
tennis,1,21,360000,10,0,10,2,LOW
bóng rổ,1,18,460000,5,0,14,12,MEDIUM
tennis,2,11,430000,3,0,7,2,LOW
cầu lông,3,19,240000,8,0,14,4,HIGH
cầu lông,0,20,160000,11,0,12,8,MEDIUM
cầu lông,4,6,180000,8,0,11,6,LOW
cầu lông,0,20,190000,8,0,17,4,MEDIUM
bóng đá,4,7,770000,11,0,17,14,MEDIUM
bóng rổ,0,19,430000,3,0,7,10,LOW
pickleball,0,19,230000,6,0,12,8,HIGH
tennis,3,18,450000,5,0,7,4,LOW
pickleball,4,10,200000,7,0,12,8,MEDIUM
bóng đá,4,18,820000,1,0,19,12,HIGH
cầu lông,3,13,170000,1,0,6,4,LOW
cầu lông,0,16,190000,1,0,8,4,LOW
pickleball,5,11,260000,6,1,17,4,HIGH
bóng rổ,5,7,430000,2,1,9,10,MEDIUM
bóng đá,6,16,850000,6,1,19,18,HIGH
pickleball,1,13,280000,11,0,11,8,LOW
bóng đá,2,20,580000,7,0,16,14,HIGH
cầu lông,4,18,190000,11,0,11,4,MEDIUM
pickleball,4,10,300000,8,0,14,4,MEDIUM
pickleball,2,7,280000,9,0,15,8,MEDIUM
pickleball,5,20,280000,12,1,23,4,HIGH
pickleball,5,20,280000,7,1,18,4,HIGH
pickleball,3,10,260000,6,0,5,2,LOW
bóng đá,4,18,610000,5,0,10,18,MEDIUM
tennis,1,18,370000,8,0,16,4,HIGH
bóng rổ,2,19,500000,3,0,8,12,MEDIUM
bóng đá,6,20,680000,6,1,23,16,HIGH
tennis,1,19,450000,6,0,8,6,MEDIUM
bóng đá,2,9,790000,5,0,6,14,LOW
bóng rổ,0,17,570000,12,0,11,12,MEDIUM
tennis,1,20,450000,7,0,12,2,MEDIUM
pickleball,2,10,220000,12,0,9,4,LOW
pickleball,1,9,190000,6,0,8,2,LOW
tennis,4,20,450000,9,0,7,6,LOW
bóng đá,2,18,830000,2,0,15,14,HIGH
tennis,5,8,470000,8,1,14,2,MEDIUM
bóng đá,6,20,720000,10,1,24,12,HIGH
bóng đá,4,9,830000,12,0,14,14,MEDIUM
bóng rổ,3,11,380000,10,0,11,12,MEDIUM
tennis,4,11,420000,9,0,6,4,LOW
pickleball,0,20,270000,7,0,11,8,MEDIUM
bóng đá,5,20,910000,2,1,28,18,HIGH
bóng rổ,6,20,590000,6,1,20,16,HIGH
cầu lông,1,14,140000,12,0,5,4,LOW
bóng đá,6,21,760000,1,1,20,14,HIGH
pickleball,0,9,230000,4,0,7,2,LOW
bóng rổ,0,18,520000,8,0,14,14,MEDIUM
bóng đá,1,19,700000,3,0,17,14,MEDIUM
pickleball,2,8,200000,6,0,9,4,LOW
cầu lông,6,6,180000,10,1,12,4,MEDIUM
cầu lông,3,20,230000,7,0,12,4,MEDIUM
tennis,2,21,320000,5,0,11,4,MEDIUM
cầu lông,3,16,150000,3,0,6,8,LOW
cầu lông,6,20,170000,9,1,16,4,HIGH
tennis,2,13,300000,8,0,8,4,LOW
bóng đá,3,20,610000,10,0,19,14,HIGH
bóng đá,0,8,780000,4,0,11,14,MEDIUM
bóng rổ,3,9,390000,11,0,8,12,LOW
tennis,5,8,450000,2,1,13,4,MEDIUM
bóng đá,3,17,810000,3,0,14,14,MEDIUM
cầu lông,5,11,220000,3,1,8,8,LOW
cầu lông,5,16,190000,11,1,9,6,MEDIUM
pickleball,1,13,190000,5,0,18,4,HIGH
bóng rổ,5,17,510000,12,1,10,12,MEDIUM
bóng đá,5,21,590000,1,1,18,14,HIGH
pickleball,5,19,330000,7,1,19,4,HIGH
pickleball,3,18,300000,1,0,13,4,MEDIUM
bóng đá,2,19,660000,3,0,14,12,HIGH
bóng rổ,2,14,420000,12,0,4,10,LOW
cầu lông,5,17,210000,1,1,21,4,HIGH
pickleball,4,16,290000,7,0,9,6,LOW
cầu lông,4,19,170000,1,0,16,4,HIGH
bóng đá,2,17,580000,6,0,14,14,HIGH
cầu lông,5,10,240000,8,1,16,8,MEDIUM
bóng rổ,1,15,480000,3,0,3,12,LOW
pickleball,3,11,260000,8,0,9,4,MEDIUM
bóng rổ,6,19,540000,12,1,18,14,HIGH
bóng đá,0,20,700000,5,0,19,14,HIGH
pickleball,2,9,280000,12,0,14,4,MEDIUM
bóng rổ,1,19,530000,7,0,11,10,LOW
bóng đá,4,18,600000,11,0,15,16,HIGH
bóng đá,5,19,630000,8,1,28,18,HIGH
tennis,0,10,400000,11,0,4,2,LOW
pickleball,4,7,230000,2,0,9,2,LOW
cầu lông,0,15,140000,9,0,6,4,LOW
cầu lông,3,17,240000,8,0,10,4,MEDIUM
cầu lông,1,10,210000,10,0,7,8,LOW
bóng đá,1,17,630000,8,0,12,12,MEDIUM
bóng đá,5,9,800000,6,1,13,14,MEDIUM
bóng đá,5,10,860000,11,1,14,12,MEDIUM
bóng đá,1,6,530000,2,0,7,16,LOW
bóng rổ,0,21,460000,5,0,12,10,MEDIUM
cầu lông,2,14,160000,6,0,11,4,MEDIUM
bóng đá,3,16,630000,11,0,13,16,MEDIUM
tennis,4,19,390000,7,0,10,8,MEDIUM
bóng rổ,2,16,400000,4,0,6,16,LOW
tennis,1,19,350000,12,0,9,8,MEDIUM
pickleball,6,18,250000,12,1,20,6,HIGH
bóng đá,6,16,670000,9,1,10,14,MEDIUM
tennis,0,16,300000,12,0,10,6,LOW
tennis,0,21,450000,8,0,15,2,MEDIUM
pickleball,4,8,250000,2,0,9,8,LOW
bóng đá,6,18,890000,4,1,15,18,HIGH
bóng rổ,5,20,420000,9,1,9,16,MEDIUM
bóng đá,3,19,700000,8,0,23,12,HIGH
bóng đá,1,8,680000,8,0,15,18,HIGH
pickleball,0,20,210000,3,0,10,4,MEDIUM
pickleball,3,13,220000,10,0,3,8,LOW
bóng rổ,0,17,420000,2,0,7,12,LOW
pickleball,2,14,280000,3,0,5,8,LOW
bóng đá,0,21,620000,8,0,17,12,HIGH
bóng đá,6,10,610000,2,1,16,14,HIGH
bóng đá,1,20,590000,1,0,17,14,HIGH
pickleball,5,17,270000,2,1,11,2,MEDIUM
bóng đá,0,10,760000,10,0,15,16,MEDIUM
tennis,0,11,330000,3,0,4,4,LOW
bóng đá,6,6,740000,9,1,13,14,MEDIUM
bóng rổ,3,17,490000,7,0,8,10,LOW
bóng đá,4,11,810000,10,0,6,14,LOW
pickleball,4,19,210000,2,0,15,4,HIGH
cầu lông,6,19,250000,12,1,20,8,HIGH
cầu lông,5,9,170000,7,1,9,4,MEDIUM
pickleball,6,19,260000,5,1,18,8,HIGH
bóng đá,3,20,650000,2,0,11,12,LOW
pickleball,5,10,210000,11,1,11,4,MEDIUM
tennis,0,7,420000,12,0,14,4,LOW
bóng rổ,0,20,460000,12,0,17,10,MEDIUM
bóng rổ,4,17,430000,9,0,11,12,LOW
cầu lông,4,20,220000,2,0,10,4,MEDIUM
tennis,6,17,480000,9,1,12,2,MEDIUM
bóng rổ,6,18,570000,5,1,18,12,HIGH
bóng rổ,1,15,390000,1,0,6,12,LOW
cầu lông,0,15,220000,11,0,9,4,LOW
tennis,1,19,360000,10,0,14,2,MEDIUM
cầu lông,4,18,220000,8,0,13,4,MEDIUM
cầu lông,4,19,230000,4,0,10,4,MEDIUM
bóng đá,0,18,730000,2,0,14,12,MEDIUM
tennis,5,18,480000,11,1,18,8,HIGH
bóng rổ,3,13,510000,6,0,4,12,LOW
cầu lông,4,13,180000,12,0,5,4,LOW
pickleball,0,11,200000,2,0,9,4,LOW
bóng đá,3,9,710000,9,0,13,14,MEDIUM
cầu lông,4,20,230000,6,0,13,6,MEDIUM
bóng đá,4,19,780000,10,0,18,14,MEDIUM
cầu lông,5,10,180000,7,1,7,4,MEDIUM
tennis,5,19,420000,11,1,13,6,HIGH
bóng rổ,2,11,370000,6,0,9,12,LOW
tennis,5,19,380000,10,1,13,2,MEDIUM
pickleball,3,19,240000,4,0,14,8,MEDIUM
bóng đá,5,17,760000,11,1,22,18,HIGH
bóng đá,5,18,910000,4,1,27,16,HIGH
cầu lông,5,18,190000,7,1,8,2,MEDIUM
cầu lông,1,15,210000,6,0,6,4,LOW
pickleball,0,6,260000,9,0,7,6,LOW
bóng đá,5,20,840000,1,1,20,14,HIGH
bóng rổ,4,17,500000,7,0,13,12,MEDIUM
cầu lông,5,19,200000,11,1,19,4,HIGH
bóng rổ,0,9,420000,5,0,2,10,LOW
cầu lông,2,17,180000,3,0,16,2,MEDIUM
cầu lông,3,15,210000,5,0,14,4,MEDIUM
bóng đá,3,17,740000,5,0,20,14,HIGH
bóng đá,5,17,780000,5,1,24,18,HIGH
cầu lông,4,19,190000,2,0,10,6,MEDIUM
bóng rổ,3,15,480000,10,0,11,14,LOW
bóng đá,2,13,710000,11,0,10,16,LOW
bóng rổ,5,8,550000,11,1,9,12,MEDIUM
cầu lông,4,17,180000,9,0,14,8,MEDIUM
tennis,3,16,350000,4,0,8,4,LOW
bóng rổ,0,6,520000,4,0,5,12,LOW
bóng rổ,3,10,400000,1,0,13,12,MEDIUM
pickleball,1,16,250000,12,0,4,8,LOW
bóng rổ,2,18,560000,1,0,9,12,LOW
cầu lông,5,15,200000,8,1,11,6,MEDIUM
bóng đá,3,10,640000,2,0,13,14,LOW
bóng rổ,5,20,580000,5,1,12,12,MEDIUM
cầu lông,6,18,250000,3,1,18,8,HIGH
bóng đá,6,19,810000,6,1,19,12,HIGH
cầu lông,3,17,160000,4,0,6,6,LOW
tennis,0,16,380000,1,0,4,4,LOW
bóng rổ,1,18,500000,7,0,15,14,MEDIUM
bóng rổ,4,16,410000,5,0,11,12,MEDIUM
bóng rổ,3,19,550000,9,0,19,14,HIGH
cầu lông,2,8,190000,10,0,7,6,LOW
pickleball,1,17,280000,4,0,8,4,MEDIUM
cầu lông,1,8,190000,4,0,6,8,LOW
bóng đá,4,17,860000,9,0,13,14,MEDIUM
bóng đá,5,9,840000,11,1,9,14,MEDIUM
bóng rổ,1,14,400000,8,0,8,12,LOW
bóng đá,6,7,760000,9,1,10,14,MEDIUM
bóng rổ,2,20,510000,10,0,12,12,MEDIUM
cầu lông,2,17,200000,11,0,9,4,LOW
bóng đá,3,6,550000,9,0,10,14,MEDIUM
bóng rổ,3,15,370000,3,0,8,14,LOW
cầu lông,2,19,230000,9,0,11,4,LOW
tennis,6,7,450000,11,1,9,4,LOW
cầu lông,5,18,230000,6,1,19,2,HIGH
tennis,5,16,430000,8,1,8,8,LOW
pickleball,4,8,250000,2,0,7,6,MEDIUM
pickleball,4,20,300000,9,0,9,4,LOW
pickleball,2,20,260000,6,0,13,6,MEDIUM
bóng đá,4,15,760000,11,0,12,14,MEDIUM
bóng đá,1,19,690000,4,0,23,14,HIGH
pickleball,1,21,280000,11,0,14,4,MEDIUM
bóng đá,2,15,750000,11,0,14,12,MEDIUM
bóng đá,3,9,630000,5,0,10,18,MEDIUM
tennis,1,9,290000,5,0,3,6,LOW
cầu lông,0,14,210000,9,0,8,2,LOW
cầu lông,4,11,210000,12,0,10,4,MEDIUM
cầu lông,5,19,230000,6,1,11,4,MEDIUM
bóng đá,4,15,660000,9,0,15,18,MEDIUM
bóng đá,3,15,600000,4,0,10,16,LOW
bóng rổ,1,19,520000,9,0,10,10,MEDIUM
bóng rổ,1,6,450000,12,0,10,12,LOW
cầu lông,6,16,180000,2,1,10,4,MEDIUM
pickleball,6,16,260000,3,1,14,8,MEDIUM
cầu lông,5,21,220000,1,1,21,8,HIGH
cầu lông,1,19,160000,6,0,10,2,MEDIUM
bóng đá,1,9,820000,11,0,8,18,LOW
tennis,2,19,440000,1,0,10,2,MEDIUM
tennis,1,14,410000,1,0,5,8,LOW
pickleball,3,14,290000,11,0,10,8,LOW
cầu lông,5,20,190000,1,1,19,4,HIGH
cầu lông,3,19,160000,8,0,10,2,MEDIUM
bóng đá,1,18,590000,10,0,19,14,HIGH
cầu lông,0,16,150000,4,0,10,4,LOW
bóng rổ,5,16,380000,1,1,9,16,LOW
cầu lông,6,7,180000,4,1,13,4,MEDIUM
bóng đá,6,9,660000,10,1,14,18,MEDIUM
bóng đá,3,19,800000,10,0,18,14,HIGH
pickleball,5,21,300000,6,1,10,2,MEDIUM
bóng đá,1,19,680000,1,0,17,14,HIGH
tennis,2,19,320000,3,0,10,8,MEDIUM
cầu lông,1,16,230000,6,0,9,6,LOW
cầu lông,0,19,220000,9,0,12,4,MEDIUM
bóng đá,6,16,670000,7,1,17,14,HIGH
bóng đá,2,14,630000,9,0,10,18,MEDIUM
pickleball,0,17,300000,11,0,16,2,MEDIUM
cầu lông,1,19,220000,10,0,7,4,LOW
pickleball,0,8,300000,3,0,4,4,LOW
bóng đá,3,14,610000,1,0,12,12,MEDIUM
pickleball,0,9,280000,4,0,7,4,LOW
cầu lông,1,9,160000,12,0,15,6,MEDIUM
bóng đá,3,19,710000,4,0,27,14,HIGH
tennis,3,8,320000,12,0,5,4,LOW
cầu lông,5,14,180000,9,1,12,6,MEDIUM
tennis,6,16,360000,2,1,6,4,LOW
cầu lông,5,17,210000,8,1,18,4,HIGH
pickleball,6,18,330000,4,1,16,4,HIGH
tennis,4,19,470000,11,0,0,4,LOW
bóng đá,5,19,790000,9,1,13,16,HIGH
bóng đá,3,9,820000,11,0,11,18,LOW
bóng đá,4,13,540000,6,0,16,14,HIGH
bóng đá,2,16,830000,1,0,5,16,LOW
bóng rổ,5,19,450000,10,1,15,10,HIGH
bóng đá,4,14,690000,4,0,11,16,LOW
bóng đá,1,18,730000,2,0,17,14,HIGH
bóng đá,6,16,850000,7,1,20,14,HIGH
bóng đá,4,9,720000,6,0,11,14,MEDIUM
pickleball,6,20,320000,3,1,19,8,HIGH
bóng đá,4,11,800000,1,0,12,12,MEDIUM
bóng đá,5,9,860000,4,1,13,16,MEDIUM
tennis,1,18,320000,9,0,11,4,MEDIUM
pickleball,6,16,320000,1,1,12,6,MEDIUM
bóng đá,1,20,580000,9,0,17,14,HIGH
